Data Source,World Development Indicators,,,,,,,,,,,,,,,,,,,,,,,,,,,,,,,,,,,,,,,,,,,,,,,,,,,,,,,,,,,,
,,,,,,,,,,,,,,,,,,,,,,,,,,,,,,,,,,,,,,,,,,,,,,,,,,,,,,,,,,,,,
Last Updated Date,2017-12-22,,,,,,,,,,,,,,,,,,,,,,,,,,,,,,,,,,,,,,,,,,,,,,,,,,,,,,,,,,,,
,,,,,,,,,,,,,,,,,,,,,,,,,,,,,,,,,,,,,,,,,,,,,,,,,,,,,,,,,,,,,
Country Name,Country Code,Indicator Name,Indicator Code,1960,1961,1962,1963,1964,1965,1966,1967,1968,1969,1970,1971,1972,1973,1974,1975,1976,1977,1978,1979,1980,1981,1982,1983,1984,1985,1986,1987,1988,1989,1990,1991,1992,1993,1994,1995,1996,1997,1998,1999,2000,2001,2002,2003,2004,2005,2006,2007,2008,2009,2010,2011,2012,2013,2014,2015,2016,2017
Aruba,ABW,"Automated teller machines (ATMs) (per 100,000 adults)",FB.ATM.TOTL.P5,,,,,,,,,,,,,,,,,,,,,,,,,,,,,,,,,,,,,,,,,,,,,,,,,,,,110.976842832129,119.57927617932,124.175678445272,117.944196907241,119.067267111499,126.019533027619,
Afghanistan,AFG,"Automated teller machines (ATMs) (per 100,000 adults)",FB.ATM.TOTL.P5,,,,,,,,,,,,,,,,,,,,,,,,,,,,,,,,,,,,,,,,,,,,,0.015899881625381,0.060852258702729,0.118134127568762,0.20881807028053,0.30244953172372,0.452438933768698,0.532063581331937,0.620062869261023,0.642222417403469,0.712434094736566,0.758811362173521,0.929836662967983,1.07421538203442,
Angola,AGO,"Automated teller machines (ATMs) (per 100,000 adults)",FB.ATM.TOTL.P5,,,,,,,,,,,,,,,,,,,,,,,,,,,,,,,,,,,,,,,,,,,,,0.854709105286486,1.45323856151084,3.04339630291963,4.41332128472506,6.25869736343863,8.37917457635483,10.467709268917,12.7784319522612,15.2444043612318,17.0361730361322,18.2182085400122,18.8291982804113,,
Albania,ALB,"Automated teller machines (ATMs) (per 100,000 adults)",FB.ATM.TOTL.P5,,,,,,,,,,,,,,,,,,,,,,,,,,,,,,,,,,,,,,,,,,,,,4.22508975617477,9.25752591697991,13.868813865118,19.3615907695109,28.6265283701545,32.9414358486376,34.1367913297442,35.264534025516,35.6792002374753,35.3069046926167,34.5531246186958,34.9792157981742,33.8068122098151,
Andorra,AND,"Automated teller machines (ATMs) (per 100,000 adults)",FB.ATM.TOTL.P5,,,,,,,,,,,,,,,,,,,,,,,,,,,,,,,,,,,,,,,,,,,,,,,,,,,,,,,,,,
Arab World,ARB,"Automated teller machines (ATMs) (per 100,000 adults)",FB.ATM.TOTL.P5,,,,,,,,,,,,,,,,,,,,,,,,,,,,,,,,,,,,,,,,,,,,,5.90890420355054,6.53291373630588,9.42763723056853,13.9638508244897,13.613521926701,16.0975217707883,19.6124866078433,18.9306098517591,20.291313968642,23.6549762140796,24.8153277982363,25.1772992867926,30.8374364015584,
United Arab Emirates,ARE,"Automated teller machines (ATMs) (per 100,000 adults)",FB.ATM.TOTL.P5,,,,,,,,,,,,,,,,,,,,,,,,,,,,,,,,,,,,,,,,,,,,,18.2216240651564,42.1811509137733,38.7087405481387,40.2351359339275,41.6246474928574,54.5220916728602,52.4545022098448,55.6454006182081,58.4129923394716,59.9547665453431,61.9096976745226,64.861171877544,65.683037189653,
Argentina,ARG,"Automated teller machines (ATMs) (per 100,000 adults)",FB.ATM.TOTL.P5,,,,,,,,,,,,,,,,,,,,,,,,,,,,,,,,,,,,,,,,,,,,,21.692879575422,22.7943583246563,25.4042780983756,28.5219355543172,32.9435959486766,36.871142186049,41.9075892170065,47.5167928261694,50.919313187384,56.2096030930862,58.8407493506559,60.5543672732141,60.1037381390599,
Armenia,ARM,"Automated teller machines (ATMs) (per 100,000 adults)",FB.ATM.TOTL.P5,,,,,,,,,,,,,,,,,,,,,,,,,,,,,,,,,,,,,,,,,,,,,3.04159705264962,4.954226788273,7.69467199536952,14.4802800434751,23.1135597545666,30.2395775763625,34.0472907806927,43.5492510089917,50.4078294991788,53.9218361094128,59.4356569375596,60.5621501958433,61.139439335971,
American Samoa,ASM,"Automated teller machines (ATMs) (per 100,000 adults)",FB.ATM.TOTL.P5,,,,,,,,,,,,,,,,,,,,,,,,,,,,,,,,,,,,,,,,,,,,,,,,,,,,,,,,,,
Antigua and Barbuda,ATG,"Automated teller machines (ATMs) (per 100,000 adults)",FB.ATM.TOTL.P5,,,,,,,,,,,,,,,,,,,,,,,,,,,,,,,,,,,,,,,,,,,,,49.1743468536349,61.0663117513505,60.0776387947501,57.5679074065658,64.0481403696918,65.8838687007701,69.0816458702129,70.774413633983,72.389119358521,76.6913174472747,74.1159982751186,71.6341880795405,65.3509345183636,
Australia,AUS,"Automated teller machines (ATMs) (per 100,000 adults)",FB.ATM.TOTL.P5,,,,,,,,,,,,,,,,,,,,,,,,,,,,,,,,,,,,,,,,,,,,,139.554021671229,146.431229411832,154.701030342575,155.258326110452,157.820863215648,154.299595737515,168.656399783742,170.46680805015,164.676320234075,161.161389025788,165.235516715163,163.973968822003,168.0283162457,
Austria,AUT,"Automated teller machines (ATMs) (per 100,000 adults)",FB.ATM.TOTL.P5,,,,,,,,,,,,,,,,,,,,,,,,,,,,,,,,,,,,,,,,,,,,,116.155656615938,106.787970663897,108.335942981467,108.615175921084,110.153747634582,112.335817206808,112.918310809651,113.803847749333,115.636723910186,117.297469318618,118.968314333298,117.936347716832,116.058588713345,
Azerbaijan,AZE,"Automated teller machines (ATMs) (per 100,000 adults)",FB.ATM.TOTL.P5,,,,,,,,,,,,,,,,,,,,,,,,,,,,,,,,,,,,,,,,,,,,,,,17.0692761042078,20.3594734829732,22.7064693123957,24.6699566185003,27.0798538336898,30.0325800519181,31.3986248294727,33.2592130740051,35.4318642116345,36.2163443053263,32.7178963972138,
Burundi,BDI,"Automated teller machines (ATMs) (per 100,000 adults)",FB.ATM.TOTL.P5,,,,,,,,,,,,,,,,,,,,,,,,,,,,,,,,,,,,,,,,,,,,,0.051900936682155,0.049662949974262,0.047631159542474,0.045719113652687,0.06591100432552,0.274963979718657,0.510019537828455,0.694033532527567,0.96420671820673,1.51954215632036,1.47823463744653,1.40199637184635,,
Belgium,BEL,"Automated teller machines (ATMs) (per 100,000 adults)",FB.ATM.TOTL.P5,,,,,,,,,,,,,,,,,,,,,,,,,,,,,,,,,,,,,,,,,,,,,83.8936231998663,83.5797648302519,83.1154267171302,86.7114153751436,87.607097901157,87.374877638271,91.7612284874269,93.2357081942076,93.9368738961023,93.6705543008349,93.9185576539675,93.5544864796572,,
Benin,BEN,"Automated teller machines (ATMs) (per 100,000 adults)",FB.ATM.TOTL.P5,,,,,,,,,,,,,,,,,,,,,,,,,,,,,,,,,,,,,,,,,,,,,,,,,,,2.51657503429801,2.87475428366572,3.59036193764361,4.48818044747159,4.52165668019967,4.59799115924155,4.8456210878854,
Burkina Faso,BFA,"Automated teller machines (ATMs) (per 100,000 adults)",FB.ATM.TOTL.P5,,,,,,,,,,,,,,,,,,,,,,,,,,,,,,,,,,,,,,,,,,,,,,,,,,,1.34652659294692,2.21838472475738,2.30556375062843,2.65444595862228,3.20843201096654,3.45950587502216,3.69233210641851,
Bangladesh,BGD,"Automated teller machines (ATMs) (per 100,000 adults)",FB.ATM.TOTL.P5,,,,,,,,,,,,,,,,,,,,,,,,,,,,,,,,,,,,,,,,,,,,,0.125180037467583,0.195676547942403,0.343937349122892,0.496947860762163,0.81919576459727,1.24916238584534,2.0534839131174,3.60385845012124,3.92489564659268,4.81375795942965,5.60573590289973,6.84698646458886,7.76732260536525,
Bulgaria,BGR,"Automated teller machines (ATMs) (per 100,000 adults)",FB.ATM.TOTL.P5,,,,,,,,,,,,,,,,,,,,,,,,,,,,,,,,,,,,,,,,,,,,,26.3891417479937,34.4333958829008,54.8171526935968,67.5169054963666,79.8649333593814,87.6178290808426,90.3071226648696,93.5534703349306,92.7964674898835,93.4314978428276,92.9767664830746,92.4245013049742,95.7001014170632,
Bahrain,BHR,"Automated teller machines (ATMs) (per 100,000 adults)",FB.ATM.TOTL.P5,,,,,,,,,,,,,,,,,,,,,,,,,,,,,,,,,,,,,,,,,,,,,,,,,,,,,,,,,,
"Bahamas, The",BHS,"Automated teller machines (ATMs) (per 100,000 adults)",FB.ATM.TOTL.P5,,,,,,,,,,,,,,,,,,,,,,,,,,,,,,,,,,,,,,,,,,,,,63.5883182784832,64.4982201756964,63.6625882821048,65.5483370503248,66.1095832451872,66.9046314914954,65.8276032312767,76.0816212046841,74.5159041663662,104.361994728036,110.492485518537,112.435349673937,129.242165095614,
Bosnia and Herzegovina,BIH,"Automated teller machines (ATMs) (per 100,000 adults)",FB.ATM.TOTL.P5,,,,,,,,,,,,,,,,,,,,,,,,,,,,,,,,,,,,,,,,,,,,,,,15.7027206878558,20.8356859632688,28.646681181833,43.1247390237196,35.0130565537395,38.6103610679073,41.5579035267578,44.6101454819021,46.8430079255347,49.9002326032049,50.1207771504946,
Belarus,BLR,"Automated teller machines (ATMs) (per 100,000 adults)",FB.ATM.TOTL.P5,,,,,,,,,,,,,,,,,,,,,,,,,,,,,,,,,,,,,,,,,,,,,10.8585307441602,15.3987092916656,18.9516733824169,25.6703974345594,30.23822375928,33.3566665280361,37.9006422053209,41.1892268093825,46.1199971828938,51.1079071466562,54.6909480728153,55.463564901879,55.2196506789154,
Belize,BLZ,"Automated teller machines (ATMs) (per 100,000 adults)",FB.ATM.TOTL.P5,,,,,,,,,,,,,,,,,,,,,,,,,,,,,,,,,,,,,,,,,,,,,28.0898876404494,29.4975013881177,31.2292618183238,32.7956989247312,34.2202957463135,35.5294894762653,37.2297218891425,38.7814222969816,37.9978739284826,40.3312422460995,40.7984598581404,40.38173097526,40.0486992182494,
Bermuda,BMU,"Automated teller machines (ATMs) (per 100,000 adults)",FB.ATM.TOTL.P5,,,,,,,,,,,,,,,,,,,,,,,,,,,,,,,,,,,,,,,,,,,,,,,,,,,,,,,,,,
Bolivia,BOL,"Automated teller machines (ATMs) (per 100,000 adults)",FB.ATM.TOTL.P5,,,,,,,,,,,,,,,,,,,,,,,,,,,,,,,,,,,,,,,,,,,,,,,,13.31699605579,14.4898342585881,16.9608709233504,20.1142048428769,24.5895106491148,27.9802963225538,31.567368920396,34.7916479728574,38.3020183852449,,
Brazil,BRA,"Automated teller machines (ATMs) (per 100,000 adults)",FB.ATM.TOTL.P5,,,,,,,,,,,,,,,,,,,,,,,,,,,,,,,,,,,,,,,,,,,,,104.799838148175,108.243543496978,106.780901736868,108.927667909281,111.398393037496,113.911288214579,118.356731940034,115.748888397511,114.765998662576,115.765537906698,114.996601044037,114.27231502823,108.820001955887,
Barbados,BRB,"Automated teller machines (ATMs) (per 100,000 adults)",FB.ATM.TOTL.P5,,,,,,,,,,,,,,,,,,,,,,,,,,,,,,,,,,,,,,,,,,,,,,,30.6599672350201,32.2803571753324,37.035866074695,37.2641805920964,37.0737633889886,32.8487404283653,36.6557582663151,37.3785746010387,43.3645645803493,37.0893985408594,23.8869755180216,
Brunei Darussalam,BRN,"Automated teller machines (ATMs) (per 100,000 adults)",FB.ATM.TOTL.P5,,,,,,,,,,,,,,,,,,,,,,,,,,,,,,,,,,,,,,,,,,,,,34.949556140637,43.2555492316448,46.5669017363866,58.9137188461693,71.57114855509,82.3857207513012,82.0082286222618,80.6465333900468,92.3281014075869,82.294850693628,80.9664773181855,78.7515216927498,75.2552200598341,
Bhutan,BTN,"Automated teller machines (ATMs) (per 100,000 adults)",FB.ATM.TOTL.P5,,,,,,,,,,,,,,,,,,,,,,,,,,,,,,,,,,,,,,,,,,,,,0.489170977485906,0.468128632385607,0.450470741925312,2.17402647094631,3.15596793536578,4.0792350618412,8.31375312508042,13.8760407030527,7.69645193565766,19.5844078828157,21.9895737240684,26.5965823391694,32.253913789406,
Botswana,BWA,"Automated teller machines (ATMs) (per 100,000 adults)",FB.ATM.TOTL.P5,,,,,,,,,,,,,,,,,,,,,,,,,,,,,,,,,,,,,,,,,,,,,14.7667114194204,15.863286706898,18.8305880175774,31.6510169971514,28.6855283060265,27.4309131235702,28.9635207789187,26.5834154256244,25.9283371930662,27.028394367837,27.9387192674088,31.1243660650174,30.9359690432337,
Central African Republic,CAF,"Automated teller machines (ATMs) (per 100,000 adults)",FB.ATM.TOTL.P5,,,,,,,,,,,,,,,,,,,,,,,,,,,,,,,,,,,,,,,,,,,,,0,0,0,0,0.120057483523111,0.315960008941668,0.664211169140593,0.93758753258605,0.93971861692214,1.17755994663298,,,,
Canada,CAN,"Automated teller machines (ATMs) (per 100,000 adults)",FB.ATM.TOTL.P5,,,,,,,,,,,,,,,,,,,,,,,,,,,,,,,,,,,,,,,,,,,,,184.759594111403,197.92640813205,206.479197631492,211.989125433834,217.737795130365,216.20070684762,218.155707363751,207.552398993994,203.111023240193,220.487325868505,221.137746615045,220.555629832477,222.989158097898,
Central Europe and the Baltics,CEB,"Automated teller machines (ATMs) (per 100,000 adults)",FB.ATM.TOTL.P5,,,,,,,,,,,,,,,,,,,,,,,,,,,,,,,,,,,,,,,,,,,,,37.2755534770099,41.4348989048971,44.7491376121775,50.3419733498976,54.3796844897521,57.4301810073797,59.5086138076973,64.8424347844993,64.9602117001724,63.8427081011901,63.4606411495384,68.4850919669663,66.6771336768831,
Switzerland,CHE,"Automated teller machines (ATMs) (per 100,000 adults)",FB.ATM.TOTL.P5,,,,,,,,,,,,,,,,,,,,,,,,,,,,,,,,,,,,,,,,,,,,,87.3748837617865,89.177584466715,91.2585084653416,93.2052893673521,94.1468785316275,94.9008672720538,95.9809420557832,98.9521769062098,99.2712003241259,98.9504521522709,97.6244745341215,98.6984371937649,98.4320880786767,
Channel Islands,CHI,"Automated teller machines (ATMs) (per 100,000 adults)",FB.ATM.TOTL.P5,,,,,,,,,,,,,,,,,,,,,,,,,,,,,,,,,,,,,,,,,,,,,,,,,,,,,,,,,,
Chile,CHL,"Automated teller machines (ATMs) (per 100,000 adults)",FB.ATM.TOTL.P5,,,,,,,,,,,,,,,,,,,,,,,,,,,,,,,,,,,,,,,,,,,,,33.4340477267062,39.5113565179821,43.537675107528,49.1295395964704,55.1859891408114,58.2502075192529,62.2353904887474,65.2806856096706,68.2400940321607,64.5608336045846,57.3195223253169,56.7232965622809,54.2936203203907,
China,CHN,"Automated teller machines (ATMs) (per 100,000 adults)",FB.ATM.TOTL.P5,,,,,,,,,,,,,,,,,,,,,,,,,,,,,,,,,,,,,,,,,,,,,,,9.56675251713277,11.9144818424184,15.4863923959457,19.6988676140802,24.6675793633286,30.1745765536452,37.3600791703296,46.5241730895999,54.7506120985316,76.7876395376749,81.4514790150893,
Cote d'Ivoire,CIV,"Automated teller machines (ATMs) (per 100,000 adults)",FB.ATM.TOTL.P5,,,,,,,,,,,,,,,,,,,,,,,,,,,,,,,,,,,,,,,,,,,,,,,,,,,3.71975650665558,4.50232251162104,4.35210185500923,5.61253942188442,6.65571376698626,6.80483785453507,6.86403889602444,
Cameroon,CMR,"Automated teller machines (ATMs) (per 100,000 adults)",FB.ATM.TOTL.P5,,,,,,,,,,,,,,,,,,,,,,,,,,,,,,,,,,,,,,,,,,,,,0.327561661633664,0.604700077473354,0.697391963274941,0.899872798625691,1.23058517049053,1.55954037882604,1.82440960865174,2.37763738996751,2.62210264987348,3.20890596830448,3.64081925081596,,,
"Congo, Dem. Rep.",COD,"Automated teller machines (ATMs) (per 100,000 adults)",FB.ATM.TOTL.P5,,,,,,,,,,,,,,,,,,,,,,,,,,,,,,,,,,,,,,,,,,,,,,,,,,0.098118237888025,0.405733702065657,0.488151366868458,0.653872630907327,0.721879120399708,1.10820271152914,1.3134717489593,,
"Congo, Rep.",COG,"Automated teller machines (ATMs) (per 100,000 adults)",FB.ATM.TOTL.P5,,,,,,,,,,,,,,,,,,,,,,,,,,,,,,,,,,,,,,,,,,,,,0.474458251706745,0.506387386350558,0.579240295163032,0.646216638527522,1.08302061113187,1.33042306647197,1.87593283691461,2.32854645259308,2.72369562962515,3.5743711751037,6.306978832425,7.54492883428416,,
Colombia,COL,"Automated teller machines (ATMs) (per 100,000 adults)",FB.ATM.TOTL.P5,,,,,,,,,,,,,,,,,,,,,,,,,,,,,,,,,,,,,,,,,,,,,,,,24.5197736649749,26.4230794525496,27.8572726074097,34.0124119267588,31.6730045156356,35.1586979629942,38.5752628928559,40.0817229205293,40.577284651473,41.1194004015319,
Comoros,COM,"Automated teller machines (ATMs) (per 100,000 adults)",FB.ATM.TOTL.P5,,,,,,,,,,,,,,,,,,,,,,,,,,,,,,,,,,,,,,,,,,,,,0.583474825978633,0.56642461454805,0.550528920660525,1.07027134054161,1.04048257581866,1.51747370976798,1.96746791797626,6.94208386994844,5.59169446981417,5.89619967253414,5.07710578481018,4.94250576446596,5.02572543205533,
Cabo Verde,CPV,"Automated teller machines (ATMs) (per 100,000 adults)",FB.ATM.TOTL.P5,,,,,,,,,,,,,,,,,,,,,,,,,,,,,,,,,,,,,,,,,,,,,13.0021646847151,14.9822936529556,19.877685972317,27.4605456571955,34.3938633774774,37.6316722959947,42.5353480809318,44.6325646285447,46.9044510007731,46.2332652598139,47.5349910350675,46.071391574115,45.703472662107,
Costa Rica,CRI,"Automated teller machines (ATMs) (per 100,000 adults)",FB.ATM.TOTL.P5,,,,,,,,,,,,,,,,,,,,,,,,,,,,,,,,,,,,,,,,,,,,,25.6627751984051,28.2747108651413,31.2698703868625,35.8984056519839,38.2910588100256,41.929170352952,43.7269095518065,52.3571762430817,54.2938131228906,72.141134493306,79.6151282883047,61.2269047135882,63.8793940161202,
Caribbean small states,CSS,"Automated teller machines (ATMs) (per 100,000 adults)",FB.ATM.TOTL.P5,,,,,,,,,,,,,,,,,,,,,,,,,,,,,,,,,,,,,,,,,,,,,17.5641156151317,19.2276027087472,21.3690470381011,21.4378133633091,27.1691864282385,29.0627698363425,29.7974508435598,31.0907284810673,32.1137623017318,33.7782185974199,35.1256963138467,35.7270177894155,36.9100926471295,
Cuba,CUB,"Automated teller machines (ATMs) (per 100,000 adults)",FB.ATM.TOTL.P5,,,,,,,,,,,,,,,,,,,,,,,,,,,,,,,,,,,,,,,,,,,,,,,,,,,,,,,,,,
Curacao,CUW,"Automated teller machines (ATMs) (per 100,000 adults)",FB.ATM.TOTL.P5,,,,,,,,,,,,,,,,,,,,,,,,,,,,,,,,,,,,,,,,,,,,,,,,,,,,,,,,,,
Cayman Islands,CYM,"Automated teller machines (ATMs) (per 100,000 adults)",FB.ATM.TOTL.P5,,,,,,,,,,,,,,,,,,,,,,,,,,,,,,,,,,,,,,,,,,,,,,,,,,,,,,,,,,
Cyprus,CYP,"Automated teller machines (ATMs) (per 100,000 adults)",FB.ATM.TOTL.P5,,,,,,,,,,,,,,,,,,,,,,,,,,,,,,,,,,,,,,,,,,,,,55.4212576017416,57.1669750034361,64.4598868027302,63.4780384588555,66.1878096156558,69.8594788282326,71.7600239783496,69.9265231949946,63.8865869097557,52.8983770440049,53.3503496540073,51.2006235282412,50.0662066469829,
Czech Republic,CZE,"Automated teller machines (ATMs) (per 100,000 adults)",FB.ATM.TOTL.P5,,,,,,,,,,,,,,,,,,,,,,,,,,,,,,,,,,,,,,,,,,,,,31.7282529115877,34.512750510333,37.5276431441603,38.1000116153622,38.2693038508944,39.8840557805065,41.6580145507617,43.7875871346996,45.7108413958192,49.0608024772608,49.6049153349339,50.7130219497614,52.5351138009455,
Germany,DEU,"Automated teller machines (ATMs) (per 100,000 adults)",FB.ATM.TOTL.P5,,,,,,,,,,,,,,,,,,,,,,,,,,,,,,,,,,,,,,,,,,,,,,,,107.052688087306,109.865343799788,112.310997515774,116.682127352941,121.057489977367,118.534002507071,118.288664181208,123.325832964926,121.022387165895,,
Djibouti,DJI,"Automated teller machines (ATMs) (per 100,000 adults)",FB.ATM.TOTL.P5,,,,,,,,,,,,,,,,,,,,,,,,,,,,,,,,,,,,,,,,,,,,,0.844394906609923,0.822037172520941,1.00074054800552,0.974818488797386,1.13967473683011,2.22077460618264,2.88493092393519,3.16057845609254,4.10576449334866,5.16915647703644,6.991085553003,8.40506714538546,9.61457942417974,
Dominica,DMA,"Automated teller machines (ATMs) (per 100,000 adults)",FB.ATM.TOTL.P5,,,,,,,,,,,,,,,,,,,,,,,,,,,,,,,,,,,,,,,,,,,,,19.9663544420125,21.7049939841353,21.6498172513668,18.0051516339855,21.5684865086744,35.8692529287586,30.3988152902178,46.3120879266196,46.1025251502042,49.404743419994,47.3928504872961,41.9058694436327,39.9517380225436,
Denmark,DNK,"Automated teller machines (ATMs) (per 100,000 adults)",FB.ATM.TOTL.P5,,,,,,,,,,,,,,,,,,,,,,,,,,,,,,,,,,,,,,,,,,,,,67.0234178615326,68.1351231255255,69.8902028228809,70.3923222551234,68.7299957992314,65.1774409988048,63.1386169648644,61.0472358166948,58.7084978408033,56.1323852967534,53.9914667969051,51.8174744788954,48.6812249684532,
Dominican Republic,DOM,"Automated teller machines (ATMs) (per 100,000 adults)",FB.ATM.TOTL.P5,,,,,,,,,,,,,,,,,,,,,,,,,,,,,,,,,,,,,,,,,,,,,19.0578948073689,24.0291384921505,24.4729451511844,26.1934058724369,26.7088014444462,27.573443923146,28.4818678211474,30.0018278971845,31.2195577295726,33.0549724772903,33.9643023470504,36.3021986493738,38.0088690920098,
Algeria,DZA,"Automated teller machines (ATMs) (per 100,000 adults)",FB.ATM.TOTL.P5,,,,,,,,,,,,,,,,,,,,,,,,,,,,,,,,,,,,,,,,,,,,,1.26084160742523,1.49529701554812,2.37363151769131,3.69927281190944,4.1792788741371,5.30142519140297,5.89580791320884,6.06969529493461,6.17904790477097,6.48133171886619,7.46715228593816,8.23633088086592,8.66860435469889,
East Asia & Pacific (excluding high income),EAP,"Automated teller machines (ATMs) (per 100,000 adults)",FB.ATM.TOTL.P5,,,,,,,,,,,,,,,,,,,,,,,,,,,,,,,,,,,,,,,,,,,,,9.44094413923326,9.3267686065471,10.0346209134666,11.6926805538236,11.9891002256974,14.1068056040122,15.1246257865734,16.8330898465341,19.9033208133299,22.0452529447949,23.098294130489,24.5669512080593,37.6274368987098,
Early-demographic dividend,EAR,"Automated teller machines (ATMs) (per 100,000 adults)",FB.ATM.TOTL.P5,,,,,,,,,,,,,,,,,,,,,,,,,,,,,,,,,,,,,,,,,,,,,5.68755452400568,4.99502012692479,7.58496472007764,10.5011347129158,13.113875099281,14.0666470043964,15.1925518867747,16.5695574531904,18.6146989128246,22.9551546478022,23.6631730175664,24.7716195587742,29.0424152220569,
East Asia & Pacific,EAS,"Automated teller machines (ATMs) (per 100,000 adults)",FB.ATM.TOTL.P5,,,,,,,,,,,,,,,,,,,,,,,,,,,,,,,,,,,,,,,,,,,,,27.1392055049469,28.3528171000326,28.2797997707129,38.8307587994938,14.3376360995052,17.3445542782676,24.6675793633286,31.5223871098297,37.3600791703296,46.5241730895999,51.6731644609523,51.8704619105187,52.6676667958762,
Europe & Central Asia (excluding high income),ECA,"Automated teller machines (ATMs) (per 100,000 adults)",FB.ATM.TOTL.P5,,,,,,,,,,,,,,,,,,,,,,,,,,,,,,,,,,,,,,,,,,,,,9.97279277339819,12.2036640331927,17.5062063366131,25.4355913984833,35.3706554836498,42.5187257832218,42.2522903366963,45.3719712827009,48.1247167368044,52.5148716280345,55.5994244097127,60.5621501958433,59.9928170294144,
Europe & Central Asia,ECS,"Automated teller machines (ATMs) (per 100,000 adults)",FB.ATM.TOTL.P5,,,,,,,,,,,,,,,,,,,,,,,,,,,,,,,,,,,,,,,,,,,,,37.3735764350238,38.1884113441977,40.0726868773863,49.0555652208246,54.3796844897521,57.4301810073797,59.2413103625411,58.7916483550111,61.7881463185487,58.3502158012985,61.1655772372557,61.8526234556347,60.635953824397,
Ecuador,ECU,"Automated teller machines (ATMs) (per 100,000 adults)",FB.ATM.TOTL.P5,,,,,,,,,,,,,,,,,,,,,,,,,,,,,,,,,,,,,,,,,,,,,8.18763673491651,8.05797066336244,13.6109717959107,34.8343400891499,34.1471950200862,43.231878900936,44.6977013453099,47.0710618718434,47.5703386932091,49.2353894753589,52.8324305160546,53.9819309753835,54.64970251315,
"Egypt, Arab Rep.",EGY,"Automated teller machines (ATMs) (per 100,000 adults)",FB.ATM.TOTL.P5,,,,,,,,,,,,,,,,,,,,,,,,,,,,,,,,,,,,,,,,,,,,,2.58525059538542,3.26342592968947,4.33549201763566,5.30048784637876,6.32187333691628,7.50711488018409,8.44031962217621,9.01317941789569,10.09518689289,10.7332207525235,11.8493317001302,13.4459216227963,,
Euro area,EMU,"Automated teller machines (ATMs) (per 100,000 adults)",FB.ATM.TOTL.P5,,,,,,,,,,,,,,,,,,,,,,,,,,,,,,,,,,,,,,,,,,,,,77.6633571429768,75.378118733756,80.0675282621923,87.3292050014608,89.4964378973369,88.6927864018032,90.2947417146001,88.2819424762984,84.7397989930468,85.0462234429368,92.4076122797068,93.5544864796572,69.9739411117315,
Eritrea,ERI,"Automated teller machines (ATMs) (per 100,000 adults)",FB.ATM.TOTL.P5,,,,,,,,,,,,,,,,,,,,,,,,,,,,,,,,,,,,,,,,,,,,,,,,,,,,,,,,,,
Spain,ESP,"Automated teller machines (ATMs) (per 100,000 adults)",FB.ATM.TOTL.P5,,,,,,,,,,,,,,,,,,,,,,,,,,,,,,,,,,,,,,,,,,,,,145.810483276455,148.643099537091,152.04177606384,157.355866181695,156.373316191328,151.73367695122,149.127670694935,146.893435840764,135.918605657303,130.635496940731,118.656297600768,116.771581166334,112.941880123712,
Estonia,EST,"Automated teller machines (ATMs) (per 100,000 adults)",FB.ATM.TOTL.P5,,,,,,,,,,,,,,,,,,,,,,,,,,,,,,,,,,,,,,,,,,,,,67.6614462323282,73.1663614821338,80.1958793221864,87.6744414910119,89.4964378973369,88.6927864018032,88.6740663874139,87.8254582311393,83.5858257443314,79.5604875449773,76.7047764582011,72.6053078238013,69.9739411117315,
Ethiopia,ETH,"Automated teller machines (ATMs) (per 100,000 adults)",FB.ATM.TOTL.P5,,,,,,,,,,,,,,,,,,,,,,,,,,,,,,,,,,,,,,,,,,,,,0.019970303659201,0.019367978321035,0.030502048705296,0.040906096396898,0.06817186329052,0.09777884928281,0.29763729561991,0.316792250374538,0.460257139743655,,,,,
European Union,EUU,"Automated teller machines (ATMs) (per 100,000 adults)",FB.ATM.TOTL.P5,,,,,,,,,,,,,,,,,,,,,,,,,,,,,,,,,,,,,,,,,,,,,59.3755314178945,64.2252444696711,69.8902028228809,73.6085018507125,80.1794911213755,83.7919016961879,83.5772455842275,81.2625895798155,78.2673021691376,74.0444911505726,70.8864301430859,70.5854652446455,68.3255373943073,
Fragile and conflict affected situations,FCS,"Automated teller machines (ATMs) (per 100,000 adults)",FB.ATM.TOTL.P5,,,,,,,,,,,,,,,,,,,,,,,,,,,,,,,,,,,,,,,,,,,,,,,1.40302397285949,1.96824232734897,1.94649493274625,2.03892080235611,2.78247692350088,3.18012846514711,3.37815659983986,3.94669609569759,4.29288192603829,4.60101179806642,,
Finland,FIN,"Automated teller machines (ATMs) (per 100,000 adults)",FB.ATM.TOTL.P5,,,,,,,,,,,,,,,,,,,,,,,,,,,,,,,,,,,,,,,,,,,,,,,38.2745961026794,37.7805458262382,37.3826746777503,37.1500342262509,36.8311579628557,36.4641558949165,35.7162654234428,36.3268546495977,35.8429134459574,33.2867311082178,25.9600229504444,
Fiji,FJI,"Automated teller machines (ATMs) (per 100,000 adults)",FB.ATM.TOTL.P5,,,,,,,,,,,,,,,,,,,,,,,,,,,,,,,,,,,,,,,,,,,,,19.0477207710945,19.4420993263575,21.172799547388,22.6185417209283,25.9941496284018,27.255428234297,33.082918568525,36.3673557522929,36.5480598937369,41.3729427344161,44.5468193412461,45.9331829493508,50.7965396026028,
France,FRA,"Automated teller machines (ATMs) (per 100,000 adults)",FB.ATM.TOTL.P5,,,,,,,,,,,,,,,,,,,,,,,,,,,,,,,,,,,,,,,,,,,,,85.4928847655556,92.7898253665454,92.1014985337213,99.8647358735107,101.528478666103,104.044529588324,106.00658752598,109.112336605463,109.250557662069,108.810140425895,108.045764389539,106.992747524193,104.380441132115,
Faroe Islands,FRO,"Automated teller machines (ATMs) (per 100,000 adults)",FB.ATM.TOTL.P5,,,,,,,,,,,,,,,,,,,,,,,,,,,,,,,,,,,,,,,,,,,,,,,,,,,,,,,,,,
"Micronesia, Fed. Sts.",FSM,"Automated teller machines (ATMs) (per 100,000 adults)",FB.ATM.TOTL.P5,,,,,,,,,,,,,,,,,,,,,,,,,,,,,,,,,,,,,,,,,,,,,3.08484876528928,3.07734917142374,3.07328241928792,3.07243259850987,3.07144173475029,3.06804933423329,9.17697802113764,9.10166560480568,15.0224585755705,14.8583994532109,14.6905436970222,14.5234844743951,14.3432923593282,
Gabon,GAB,"Automated teller machines (ATMs) (per 100,000 adults)",FB.ATM.TOTL.P5,,,,,,,,,,,,,,,,,,,,,,,,,,,,,,,,,,,,,,,,,,,,,,5.3746542987303,5.74120020353118,6.18109971523564,6.37068399214213,7.33972995826408,8.80596870494199,10.0589660314305,11.6490273510201,12.7717998658961,,,,
United Kingdom,GBR,"Automated teller machines (ATMs) (per 100,000 adults)",FB.ATM.TOTL.P5,,,,,,,,,,,,,,,,,,,,,,,,,,,,,,,,,,,,,,,,,,,,,,117.650845649658,120.940640267733,125.816614017479,125.593503249422,121.192666906688,121.960716075914,123.456977221244,125.949709186783,128.519408780396,129.498950975324,131.305956851378,129.492222872419,
Georgia,GEO,"Automated teller machines (ATMs) (per 100,000 adults)",FB.ATM.TOTL.P5,,,,,,,,,,,,,,,,,,,,,,,,,,,,,,,,,,,,,,,,,,,,,2.00422871033416,5.48189623958139,13.0467140479511,25.2007853624072,40.5030872080196,41.9127125427239,46.6039384680717,49.4104440615739,61.7881463185487,66.9682142991181,70.7164326366805,70.0647781616148,74.305727239335,
Ghana,GHA,"Automated teller machines (ATMs) (per 100,000 adults)",FB.ATM.TOTL.P5,,,,,,,,,,,,,,,,,,,,,,,,,,,,,,,,,,,,,,,,,,,,,,,,,3.84406249114148,3.8860941993405,3.92957393290799,4.06329375588783,5.45517234534955,8.08259110907494,8.13101409424392,10.1885274456124,5.27252020858136,
Gibraltar,GIB,"Automated teller machines (ATMs) (per 100,000 adults)",FB.ATM.TOTL.P5,,,,,,,,,,,,,,,,,,,,,,,,,,,,,,,,,,,,,,,,,,,,,,,,,,,,,,,,,,
Guinea,GIN,"Automated teller machines (ATMs) (per 100,000 adults)",FB.ATM.TOTL.P5,,,,,,,,,,,,,,,,,,,,,,,,,,,,,,,,,,,,,,,,,,,,,0.075431776201463,0.221436410013871,0.234818106282287,0.30006013558129,0.413468673115284,0.504181852343958,0.688428323055809,0.912165211363082,1.10850361223857,1.3545468561348,1.68971973033852,2.07658203825756,2.24345402181198,
"Gambia, The",GMB,"Automated teller machines (ATMs) (per 100,000 adults)",FB.ATM.TOTL.P5,,,,,,,,,,,,,,,,,,,,,,,,,,,,,,,,,,,,,,,,,,,,,,,,,,,,,,,,,,
Guinea-Bissau,GNB,"Automated teller machines (ATMs) (per 100,000 adults)",FB.ATM.TOTL.P5,,,,,,,,,,,,,,,,,,,,,,,,,,,,,,,,,,,,,,,,,,,,,,,,,,,1.44892161222622,1.41021232373702,2.00415598662489,3.89586156978616,4.18517193583135,4.06847436086205,4.81086689934912,
Equatorial Guinea,GNQ,"Automated teller machines (ATMs) (per 100,000 adults)",FB.ATM.TOTL.P5,,,,,,,,,,,,,,,,,,,,,,,,,,,,,,,,,,,,,,,,,,,,,0,0,0,0.791114205246669,2.44671801010306,2.33001634596083,2.90315419164233,5.37814030427236,6.0628578446385,5.19548378860616,5.39485359361136,7.3419242911644,9.14748091443446,
Greece,GRC,"Automated teller machines (ATMs) (per 100,000 adults)",FB.ATM.TOTL.P5,,,,,,,,,,,,,,,,,,,,,,,,,,,,,,,,,,,,,,,,,,,,,,66.819293144361,71.1874126240208,76.8246814463017,80.4940488833697,80.2089257541047,78.480424781041,74.6997209284917,72.9487785939438,62.1562475211824,59.4274109062801,58.6684284801112,59.4354923490767,
Grenada,GRD,"Automated teller machines (ATMs) (per 100,000 adults)",FB.ATM.TOTL.P5,,,,,,,,,,,,,,,,,,,,,,,,,,,,,,,,,,,,,,,,,,,,,35.2574498991637,37.4869836862201,38.3099824868652,41.9355275083533,45.5800734643537,47.8564307078764,51.3976198948326,49.7336631460468,38.9736927573888,47.7062327548415,33.296195269379,42.021086945449,45.5621226886715,
Greenland,GRL,"Automated teller machines (ATMs) (per 100,000 adults)",FB.ATM.TOTL.P5,,,,,,,,,,,,,,,,,,,,,,,,,,,,,,,,,,,,,,,,,,,,,,,,,,,,,,,,,,
Guatemala,GTM,"Automated teller machines (ATMs) (per 100,000 adults)",FB.ATM.TOTL.P5,,,,,,,,,,,,,,,,,,,,,,,,,,,,,,,,,,,,,,,,,,,,,,,,,20.1011573914613,21.8781100664443,23.9882601815397,25.8215637220448,26.356127419031,31.9938703025923,33.8912406511853,34.552626467582,35.8420385871788,
Guam,GUM,"Automated teller machines (ATMs) (per 100,000 adults)",FB.ATM.TOTL.P5,,,,,,,,,,,,,,,,,,,,,,,,,,,,,,,,,,,,,,,,,,,,,,,,,,,,,,,,,,
Guyana,GUY,"Automated teller machines (ATMs) (per 100,000 adults)",FB.ATM.TOTL.P5,,,,,,,,,,,,,,,,,,,,,,,,,,,,,,,,,,,,,,,,,,,,,10.2472086812679,11.0617391141008,12.0002565572092,13.1202656853801,13.8032669084945,14.0674958450646,14.7229108388478,15.3078346675354,16.2532095251547,16.0206284663681,16.3565502343499,16.8735374722328,19.0542496473132,
High income,HIC,"Automated teller machines (ATMs) (per 100,000 adults)",FB.ATM.TOTL.P5,,,,,,,,,,,,,,,,,,,,,,,,,,,,,,,,,,,,,,,,,,,,,63.1994746397135,66.819293144361,69.8902028228809,73.6085018507125,71.7892482428724,72.1208757904884,71.7600239783496,68.302920283768,70.5889485664846,64.1285631520836,63.1780693432451,64.861171877544,62.1717714551942,
"Hong Kong SAR, China",HKG,"Automated teller machines (ATMs) (per 100,000 adults)",FB.ATM.TOTL.P5,,,,,,,,,,,,,,,,,,,,,,,,,,,,,,,,,,,,,,,,,,,,,,,,,,,46.8811213955723,49.619459752319,,,,49.3141647147608,50.5903064159194,
Honduras,HND,"Automated teller machines (ATMs) (per 100,000 adults)",FB.ATM.TOTL.P5,,,,,,,,,,,,,,,,,,,,,,,,,,,,,,,,,,,,,,,,,,,,,4.38423531590164,5.86842406405972,7.58496472007764,10.4767913672932,13.2610146869324,15.6283789915664,16.2688844204542,21.3683195983354,21.8519857107961,22.9551546478022,22.7406683633123,23.3822528700716,23.9726915546104,
Heavily indebted poor countries (HIPC),HPC,"Automated teller machines (ATMs) (per 100,000 adults)",FB.ATM.TOTL.P5,,,,,,,,,,,,,,,,,,,,,,,,,,,,,,,,,,,,,,,,,,,,,,,,0.949163106388525,1.22831438537439,1.53112995999111,1.87593283691461,2.8002127931565,3.48425926874174,4.36768433990179,4.41942472940591,4.74932412784013,4.8456210878854,
Croatia,HRV,"Automated teller machines (ATMs) (per 100,000 adults)",FB.ATM.TOTL.P5,,,,,,,,,,,,,,,,,,,,,,,,,,,,,,,,,,,,,,,,,,,,,,61.6311957949811,70.3489086916901,79.8025571992458,89.1621470644583,96.2375088774507,101.564449295443,109.855475511603,113.001462667366,114.118330198112,117.075904955933,123.397651599575,127.928909137839,
Haiti,HTI,"Automated teller machines (ATMs) (per 100,000 adults)",FB.ATM.TOTL.P5,,,,,,,,,,,,,,,,,,,,,,,,,,,,,,,,,,,,,,,,,,,,,,,,,,,,,,,1.07739890047851,1.28223138696715,,
Hungary,HUN,"Automated teller machines (ATMs) (per 100,000 adults)",FB.ATM.TOTL.P5,,,,,,,,,,,,,,,,,,,,,,,,,,,,,,,,,,,,,,,,,,,,,38.7176397663955,41.4348989048971,44.7491376121775,50.3419733498976,54.2821502947354,55.7251024570011,56.6949396108468,57.7027483339465,56.4884061491756,57.1274853922912,57.8381073128862,57.2457227063877,59.4033208016578,
IBRD only,IBD,"Automated teller machines (ATMs) (per 100,000 adults)",FB.ATM.TOTL.P5,,,,,,,,,,,,,,,,,,,,,,,,,,,,,,,,,,,,,,,,,,,,,16.8991320779196,15.6309979992818,18.8911306999971,25.4297353429332,28.6366047759937,30.2307281072688,34.0920410552184,36.9174060432991,38.2009867744078,44.0668486760542,46.8430079255347,49.9002326032049,54.2936203203907,
IDA & IBRD total,IBT,"Automated teller machines (ATMs) (per 100,000 adults)",FB.ATM.TOTL.P5,,,,,,,,,,,,,,,,,,,,,,,,,,,,,,,,,,,,,,,,,,,,,4.22508975617477,5.48189623958139,9.16584360400391,12.5162492577716,13.2610146869324,15.3093099670107,14.2944900390988,15.1499029146867,15.5800813375243,21.9656884457198,23.6631730175664,25.2478627119763,31.7646979312396,
IDA total,IDA,"Automated teller machines (ATMs) (per 100,000 adults)",FB.ATM.TOTL.P5,,,,,,,,,,,,,,,,,,,,,,,,,,,,,,,,,,,,,,,,,,,,,,0.679722040192859,1.2316670934124,1.71109070168722,2.38741469904609,3.24368223432653,3.47835900876226,3.74702639068631,4.2879613595256,4.79833172599606,5.60573590289973,6.80483785453507,6.65481103008061,
IDA blend,IDB,"Automated teller machines (ATMs) (per 100,000 adults)",FB.ATM.TOTL.P5,,,,,,,,,,,,,,,,,,,,,,,,,,,,,,,,,,,,,,,,,,,,,0.878118693018381,1.07308762189822,1.89105540996459,4.02228096891073,4.63963052194161,4.98648615430717,4.85603259466198,4.86313708194306,6.66227787378006,7.37876127626082,7.59073071524734,9.29022305978657,13.2822519034209,
Indonesia,IDN,"Automated teller machines (ATMs) (per 100,000 adults)",FB.ATM.TOTL.P5,,,,,,,,,,,,,,,,,,,,,,,,,,,,,,,,,,,,,,,,,,,,,8.56333399905042,9.3267686065471,10.5024893098004,11.4708792652289,13.113875099281,14.1068056040122,13.0283433222717,16.4483748090146,35.7816861158179,42.151364077956,49.4491697430522,53.3103575711452,54.745027175833,
IDA only,IDX,"Automated teller machines (ATMs) (per 100,000 adults)",FB.ATM.TOTL.P5,,,,,,,,,,,,,,,,,,,,,,,,,,,,,,,,,,,,,,,,,,,,,,0.581967739456791,0.744957857501202,1.33618189194976,2.35697429998939,2.78882249114281,2.91754335984293,3.65264506952835,4.1016589157069,4.73221768021969,4.86240636310162,5.33545844838771,5.39084931251588,
Isle of Man,IMN,"Automated teller machines (ATMs) (per 100,000 adults)",FB.ATM.TOTL.P5,,,,,,,,,,,,,,,,,,,,,,,,,,,,,,,,,,,,,,,,,,,,,,,,,,,,,,,,,,
India,IND,"Automated teller machines (ATMs) (per 100,000 adults)",FB.ATM.TOTL.P5,,,,,,,,,,,,,,,,,,,,,,,,,,,,,,,,,,,,,,,,,,,,,,2.29413495400361,2.74120434697722,3.38011913352672,4.28959641545841,5.3123404409595,7.26843048829514,8.85184688517937,10.992094878458,12.8664757805683,17.796012760549,19.7013821146006,21.2357749214797,
Not classified,INX,"Automated teller machines (ATMs) (per 100,000 adults)",FB.ATM.TOTL.P5,,,,,,,,,,,,,,,,,,,,,,,,,,,,,,,,,,,,,,,,,,,,,,,,,,,,,,,,,,
Ireland,IRL,"Automated teller machines (ATMs) (per 100,000 adults)",FB.ATM.TOTL.P5,,,,,,,,,,,,,,,,,,,,,,,,,,,,,,,,,,,,,,,,,,,,,90.288684002276,88.632396675467,89.5083055710182,92.3564484693494,95.2582123503118,94.2733580165123,90.2947417146001,88.2819424762984,84.7397989930468,85.0462234429368,99.4837505457586,97.9150643343425,90.2556630899203,
"Iran, Islamic Rep.",IRN,"Automated teller machines (ATMs) (per 100,000 adults)",FB.ATM.TOTL.P5,,,,,,,,,,,,,,,,,,,,,,,,,,,,,,,,,,,,,,,,,,,,,,4.39548917963638,8.36541027824447,13.7291704924535,17.9085678492829,23.0353085116434,30.0184841536289,35.6531452909842,45.4501065250741,50.8928710882715,56.3276406385589,66.608990245229,71.779096838751,
Iraq,IRQ,"Automated teller machines (ATMs) (per 100,000 adults)",FB.ATM.TOTL.P5,,,,,,,,,,,,,,,,,,,,,,,,,,,,,,,,,,,,,,,,,,,,,,,,,0.678818982470415,1.16593286604505,2.14626093749904,2.11267226093658,2.1312990413209,1.0669876379213,1.60867785568942,1.87581988377476,,
Iceland,ISL,"Automated teller machines (ATMs) (per 100,000 adults)",FB.ATM.TOTL.P5,,,,,,,,,,,,,,,,,,,,,,,,,,,,,,,,,,,,,,,,,,,,,105.904333842593,111.294560424658,106.253327194865,106.484992423918,99.7143820814531,81.9241708541788,81.382587004781,75.9336385466943,73.8540124860015,72.2635047581859,70.9810939728931,66.7635724516228,63.3332573126779,
Israel,ISR,"Automated teller machines (ATMs) (per 100,000 adults)",FB.ATM.TOTL.P5,,,,,,,,,,,,,,,,,,,,,,,,,,,,,,,,,,,,,,,,,,,,,68.7725073887271,58.1458448155269,76.8983150394961,81.5326304500216,87.4709677757369,101.247464338715,120.932968235521,122.499967965975,122.837362646753,123.096969591198,123.116257542574,133.223710094499,132.976733548548,
Italy,ITA,"Automated teller machines (ATMs) (per 100,000 adults)",FB.ATM.TOTL.P5,,,,,,,,,,,,,,,,,,,,,,,,,,,,,,,,,,,,,,,,,,,,,74.2193500958391,75.378118733756,79.9391772021982,87.3292050014608,99.1641407321517,106.891904333563,99.9348503460287,101.528124558577,99.2460197652553,92.3788702428278,92.4076122797068,96.264342052814,94.1380708485236,
Jamaica,JAM,"Automated teller machines (ATMs) (per 100,000 adults)",FB.ATM.TOTL.P5,,,,,,,,,,,,,,,,,,,,,,,,,,,,,,,,,,,,,,,,,,,,,17.5641156151317,19.2276027087472,21.3690470381011,21.4378133633091,22.7037574718616,24.2128243150014,24.9278525748334,26.1854930450179,26.7139858827223,27.309225718207,29.8032571096636,30.4318594730421,31.7646979312396,
Jordan,JOR,"Automated teller machines (ATMs) (per 100,000 adults)",FB.ATM.TOTL.P5,,,,,,,,,,,,,,,,,,,,,,,,,,,,,,,,,,,,,,,,,,,,,,,,20.7283701777535,22.7090162405064,23.4776044170536,24.7312056098066,25.0424644462906,25.0050049574796,25.1103685021534,25.392500474772,24.4221124052043,27.1225003289447,
Japan,JPN,"Automated teller machines (ATMs) (per 100,000 adults)",FB.ATM.TOTL.P5,,,,,,,,,,,,,,,,,,,,,,,,,,,,,,,,,,,,,,,,,,,,,124.368289782111,123.899754165215,124.11517598862,125.132403127181,125.449618812602,132.811569790642,130.927588361099,128.575691556251,127.895951722721,128.296341685946,127.494084799556,127.651516888282,127.7969276653,
Kazakhstan,KAZ,"Automated teller machines (ATMs) (per 100,000 adults)",FB.ATM.TOTL.P5,,,,,,,,,,,,,,,,,,,,,,,,,,,,,,,,,,,,,,,,,,,,,9.97279277339819,14.7955569602941,19.5542550056687,37.1201872242062,52.2916693788643,56.848587579163,61.3397649312638,64.796572426333,68.6043544857251,70.6393041794541,72.1055294702058,71.1943644398749,74.0005856954933,
Kenya,KEN,"Automated teller machines (ATMs) (per 100,000 adults)",FB.ATM.TOTL.P5,,,,,,,,,,,,,,,,,,,,,,,,,,,,,,,,,,,,,,,,,,,,,1.63015376934852,1.59538277455834,2.95609999858663,4.71023074685037,5.99471777140191,7.27207472335798,8.90922382893131,9.10425975307761,9.510273251999,9.60032870413744,9.74987594374266,9.80997699203078,9.27118049354794,
Kyrgyz Republic,KGZ,"Automated teller machines (ATMs) (per 100,000 adults)",FB.ATM.TOTL.P5,,,,,,,,,,,,,,,,,,,,,,,,,,,,,,,,,,,,,,,,,,,,,0.602689414796235,0.953865778749183,1.18601932163968,2.36523681948027,4.67135076598123,8.34450646146063,7.33155052263644,11.9134759978798,15.5800813375243,20.5627669881072,24.7027387148763,30.1144465972371,31.2070419857198,
Cambodia,KHM,"Automated teller machines (ATMs) (per 100,000 adults)",FB.ATM.TOTL.P5,,,,,,,,,,,,,,,,,,,,,,,,,,,,,,,,,,,,,,,,,,,,,,0.011973941350917,0.744957857501202,1.33618189194976,3.72522559657614,4.36026624687828,5.25150406850058,6.02957568399281,7.17782613119683,8.4811787446169,10.9189008959453,13.3412136943036,,
Kiribati,KIR,"Automated teller machines (ATMs) (per 100,000 adults)",FB.ATM.TOTL.P5,,,,,,,,,,,,,,,,,,,,,,,,,,,,,,,,,,,,,,,,,,,,,,,,,,,,10.4762189829088,10.2354145342886,14.2521200028504,,,,
St. Kitts and Nevis,KNA,"Automated teller machines (ATMs) (per 100,000 adults)",FB.ATM.TOTL.P5,,,,,,,,,,,,,,,,,,,,,,,,,,,,,,,,,,,,,,,,,,,,,78.4861737500543,82.6163678391334,81.610734749606,57.982568040073,62.3370857665742,69.0574268934402,68.3070507318417,74.8098728799751,76.3640976027859,96.7778654726865,91.080561849923,92.4712702859774,89.282908251455,
"Korea, Rep.",KOR,"Automated teller machines (ATMs) (per 100,000 adults)",FB.ATM.TOTL.P5,,,,,,,,,,,,,,,,,,,,,,,,,,,,,,,,,,,,,,,,,,,,,208.164434984403,212.142390440958,218.244522839843,234.237560508248,241.828123509989,247.122091770429,265.375420845451,281.267724767341,288.475845155833,288.631912949162,280.966366474328,276.274585350146,,
Kuwait,KWT,"Automated teller machines (ATMs) (per 100,000 adults)",FB.ATM.TOTL.P5,,,,,,,,,,,,,,,,,,,,,,,,,,,,,,,,,,,,,,,,,,,,,30.1712139581499,35.0696883960276,40.1846131711111,46.7889495510325,50.9513399805134,51.8640863509154,50.038962629756,50.263293585543,54.130071377398,52.3915964589674,54.8083035923283,54.8531554052839,62.1717714551942,
Latin America & Caribbean (excluding high income),LAC,"Automated teller machines (ATMs) (per 100,000 adults)",FB.ATM.TOTL.P5,,,,,,,,,,,,,,,,,,,,,,,,,,,,,,,,,,,,,,,,,,,,,19.0578948073689,22.3786174705591,23.9910337038834,25.54949835276,26.7110805572914,27.573443923146,29.3370444575991,30.9104714878829,35.1586979629942,38.5752628928559,37.4366854466933,39.439651518359,41.1194004015319,
Lao PDR,LAO,"Automated teller machines (ATMs) (per 100,000 adults)",FB.ATM.TOTL.P5,,,,,,,,,,,,,,,,,,,,,,,,,,,,,,,,,,,,,,,,,,,,,,,,,2.62971396149674,4.82635821333897,8.69433240091225,10.8551820477883,12.9533491977815,17.985675021923,19.964046252887,23.2715813922427,24.2796429495575,
Lebanon,LBN,"Automated teller machines (ATMs) (per 100,000 adults)",FB.ATM.TOTL.P5,,,,,,,,,,,,,,,,,,,,,,,,,,,,,,,,,,,,,,,,,,,,,31.8621529701602,32.7389981657811,34.0524170276979,35.5585953192803,37.1180262066289,38.1495056051643,38.8415602881469,37.8388481694815,38.2009867744078,37.7565722212744,37.6655356823971,38.3796373427801,39.0544765295229,
Liberia,LBR,"Automated teller machines (ATMs) (per 100,000 adults)",FB.ATM.TOTL.P5,,,,,,,,,,,,,,,,,,,,,,,,,,,,,,,,,,,,,,,,,,,,,,,,,1.15899924278716,1.53112995999111,1.47538520966565,1.42872852685966,1.34521211682999,1.63478896304927,1.78764096542146,,,
Libya,LBY,"Automated teller machines (ATMs) (per 100,000 adults)",FB.ATM.TOTL.P5,,,,,,,,,,,,,,,,,,,,,,,,,,,,,,,,,,,,,,,,,,,,,3.49188339538596,3.4078988180024,3.40699695689931,3.38539743145399,3.4406130428526,3.52706784085962,3.46511097527473,3.49611468880181,3.87826924568565,,,,,
St. Lucia,LCA,"Automated teller machines (ATMs) (per 100,000 adults)",FB.ATM.TOTL.P5,,,,,,,,,,,,,,,,,,,,,,,,,,,,,,,,,,,,,,,,,,,,,30.2462041013853,29.5765483323052,30.5121925071951,33.0102090109819,32.2481693264852,30.0066938009248,44.4953920873618,45.9678077062805,46.7535503477295,46.1347712003691,44.8452837709901,44.2981901025187,37.597911227154,
Latin America & Caribbean,LCN,"Automated teller machines (ATMs) (per 100,000 adults)",FB.ATM.TOTL.P5,,,,,,,,,,,,,,,,,,,,,,,,,,,,,,,,,,,,,,,,,,,,,20.5224216457542,22.7943583246563,24.0021206048935,25.8714521125985,27.3293519220587,28.5536924405877,33.9467187599675,33.8344842163761,37.738605264376,40.4648931292054,40.4481355180297,41.022176105789,47.3416036617108,
Least developed countries: UN classification,LDC,"Automated teller machines (ATMs) (per 100,000 adults)",FB.ATM.TOTL.P5,,,,,,,,,,,,,,,,,,,,,,,,,,,,,,,,,,,,,,,,,,,,,,,,,1.56228799430899,1.78502538117361,2.48509769747415,3.02347452742507,3.62983280674454,4.48818044747159,4.47054070480279,4.74932412784013,4.81086689934912,
Low income,LIC,"Automated teller machines (ATMs) (per 100,000 adults)",FB.ATM.TOTL.P5,,,,,,,,,,,,,,,,,,,,,,,,,,,,,,,,,,,,,,,,,,,,,,,,,0.413468673115284,0.656631001977625,1.40763784293577,1.56282579958176,2.00415598662489,3.89586156978616,3.69680197339894,4.06847436086205,4.52638444409151,
Liechtenstein,LIE,"Automated teller machines (ATMs) (per 100,000 adults)",FB.ATM.TOTL.P5,,,,,,,,,,,,,,,,,,,,,,,,,,,,,,,,,,,,,,,,,,,,,,,,,,,,,,,,,,
Sri Lanka,LKA,"Automated teller machines (ATMs) (per 100,000 adults)",FB.ATM.TOTL.P5,,,,,,,,,,,,,,,,,,,,,,,,,,,,,,,,,,,,,,,,,,,,,,,,9.35298673070675,11.2091159634336,12.615712696625,13.4643542916241,15.1499029146867,15.7979835729637,16.4754536211169,16.8683526060547,17.162453698931,,
Lower middle income,LMC,"Automated teller machines (ATMs) (per 100,000 adults)",FB.ATM.TOTL.P5,,,,,,,,,,,,,,,,,,,,,,,,,,,,,,,,,,,,,,,,,,,,,2.29473965285979,2.96588961218913,3.56875867768347,5.30048784637876,7.08531896391866,8.36184051890773,8.90922382893131,11.3843290228341,11.4981176187747,15.4589879599051,17.796012760549,19.265290197506,24.390800198913,
Low & middle income,LMY,"Automated teller machines (ATMs) (per 100,000 adults)",FB.ATM.TOTL.P5,,,,,,,,,,,,,,,,,,,,,,,,,,,,,,,,,,,,,,,,,,,,,3.65677193606037,5.3746542987303,8.36541027824447,11.9193312907015,13.113875099281,14.4523582340244,13.0283433222717,12.3576969690978,14.0988767795067,18.8978347496529,22.7406683633123,24.0127757037743,31.0471982827007,
Lesotho,LSO,"Automated teller machines (ATMs) (per 100,000 adults)",FB.ATM.TOTL.P5,,,,,,,,,,,,,,,,,,,,,,,,,,,,,,,,,,,,,,,,,,,,,2.83512705235277,3.72506954874169,3.82956121553603,4.8354670856312,5.65016898041086,6.51492712815656,7.187803235449,7.9113802516587,8.97772392819933,10.5915177496802,10.9822175351831,12.7203187797641,,
Late-demographic dividend,LTE,"Automated teller machines (ATMs) (per 100,000 adults)",FB.ATM.TOTL.P5,,,,,,,,,,,,,,,,,,,,,,,,,,,,,,,,,,,,,,,,,,,,,22.6547611366206,27.4150950247991,31.1794759351474,35.9417040607598,40.872734116394,41.929170352952,45.1654240099391,48.302567808992,50.0294801868078,52.6449867514862,54.7794578454299,55.7882259837824,60.1324683128229,
Lithuania,LTU,"Automated teller machines (ATMs) (per 100,000 adults)",FB.ATM.TOTL.P5,,,,,,,,,,,,,,,,,,,,,,,,,,,,,,,,,,,,,,,,,,,,,36.2734943075166,38.1884113441977,41.8707776520932,49.0555652208246,54.3796844897521,57.4301810073797,59.5086138076973,50.487109432683,51.8251970412112,49.8782418357248,51.193380112041,49.0144051328265,48.1978705238516,
Luxembourg,LUX,"Automated teller machines (ATMs) (per 100,000 adults)",FB.ATM.TOTL.P5,,,,,,,,,,,,,,,,,,,,,,,,,,,,,,,,,,,,,,,,,,,,,106.640942825041,106.991831116607,105.546554586042,105.951996523334,107.313835559275,107.065060932353,105.627187085826,106.034549459829,100.697149001585,97.8628032324952,105.202908707166,108.331648044743,157.407948178937,
Latvia,LVA,"Automated teller machines (ATMs) (per 100,000 adults)",FB.ATM.TOTL.P5,,,,,,,,,,,,,,,,,,,,,,,,,,,,,,,,,,,,,,,,,,,,,45.6092854737121,45.9127352563956,50.1705378650411,60.7815192734484,68.0859640515913,71.6736945233961,75.526184595879,68.302920283768,72.9378031008086,68.5284947561679,62.8954975369518,63.0396721092855,62.0472740728337,
"Macao SAR, China",MAC,"Automated teller machines (ATMs) (per 100,000 adults)",FB.ATM.TOTL.P5,,,,,,,,,,,,,,,,,,,,,,,,,,,,,,,,,,,,,,,,,,,,,54.4128849711612,54.6378558009685,65.2059883639793,87.0788086501388,113.631999493965,131.036284100711,139.349474825333,153.295754726792,175.558096350176,213.84429128718,219.487977516999,246.805680900584,282.321291746364,
St. Martin (French part),MAF,"Automated teller machines (ATMs) (per 100,000 adults)",FB.ATM.TOTL.P5,,,,,,,,,,,,,,,,,,,,,,,,,,,,,,,,,,,,,,,,,,,,,,,,,,,,,,,,,,
Morocco,MAR,"Automated teller machines (ATMs) (per 100,000 adults)",FB.ATM.TOTL.P5,,,,,,,,,,,,,,,,,,,,,,,,,,,,,,,,,,,,,,,,,,,,,8.32592501171511,14.8244114003651,12.8261895175457,14.2421876948866,16.2356160561787,18.1986298768013,19.6124866078433,21.2916622503278,22.8185682140178,24.1656138037201,25.1613368814828,25.9324861683808,26.6964966063434,
Monaco,MCO,"Automated teller machines (ATMs) (per 100,000 adults)",FB.ATM.TOTL.P5,,,,,,,,,,,,,,,,,,,,,,,,,,,,,,,,,,,,,,,,,,,,,,,,,,,,,,,,,,
Moldova,MDA,"Automated teller machines (ATMs) (per 100,000 adults)",FB.ATM.TOTL.P5,,,,,,,,,,,,,,,,,,,,,,,,,,,,,,,,,,,,,,,,,,,,,7.74491701199259,10.5819604116595,12.7088026087667,15.4390099284114,19.6184041690763,23.3125784457794,25.7588375936316,28.5417949640885,30.916509405126,33.5745870281864,36.1261671516837,32.485798996492,34.9398125674194,
Madagascar,MDG,"Automated teller machines (ATMs) (per 100,000 adults)",FB.ATM.TOTL.P5,,,,,,,,,,,,,,,,,,,,,,,,,,,,,,,,,,,,,,,,,,,,,0.275133215426862,0.581967739456791,0.744809892526797,0.998453414151358,1.22604360025824,1.33335215033771,1.39796028386463,1.56282579958176,1.71429765733789,1.80040716434964,2.04734769396627,2.28394531400536,2.5522178293969,
Maldives,MDV,"Automated teller machines (ATMs) (per 100,000 adults)",FB.ATM.TOTL.P5,,,,,,,,,,,,,,,,,,,,,,,,,,,,,,,,,,,,,,,,,,,,,7.19778855057665,7.28315570367687,6.8730555792402,16.4765056611842,15.6089920468495,16.5965947177906,16.4518146082229,16.5725221813776,19.8881634667265,21.3965651294668,25.4690322294101,26.4856619136959,30.0318914669575,
Middle East & North Africa,MEA,"Automated teller machines (ATMs) (per 100,000 adults)",FB.ATM.TOTL.P5,,,,,,,,,,,,,,,,,,,,,,,,,,,,,,,,,,,,,,,,,,,,,8.34906569823801,9.65792865460936,10.8617010416006,14.1030192596882,16.2356160561787,18.1986298768013,22.5963455923829,23.2851012686311,23.9117865857487,31.4334703617139,30.5534803789567,30.5899027303128,39.0544765295229,
Mexico,MEX,"Automated teller machines (ATMs) (per 100,000 adults)",FB.ATM.TOTL.P5,,,,,,,,,,,,,,,,,,,,,,,,,,,,,,,,,,,,,,,,,,,,,28.3455409184738,31.1818263492533,34.2106602345778,38.1794982303081,40.6004363593309,41.9864430779987,44.1110331858149,43.7180708883002,47.4173650066755,47.2515979518914,48.8258246404229,51.0669131865214,52.6277199604023,
Marshall Islands,MHL,"Automated teller machines (ATMs) (per 100,000 adults)",FB.ATM.TOTL.P5,,,,,,,,,,,,,,,,,,,,,,,,,,,,,,,,,,,,,,,,,,,,,,,,2.94582040917228,2.94125088423561,2.935516794209,2.9296373614309,5.84622734852175,5.83279489102462,5.81843193881821,5.80688262970301,5.79636331180945,5.78849880047544,
Middle income,MIC,"Automated teller machines (ATMs) (per 100,000 adults)",FB.ATM.TOTL.P5,,,,,,,,,,,,,,,,,,,,,,,,,,,,,,,,,,,,,,,,,,,,,8.18763673491651,9.29214726176351,12.3260418462569,14.3612338691809,18.1120550703008,19.6988676140802,22.570573740989,25.0424644462906,25.9283371930662,27.309225718207,33.4239478783288,33.519212732037,37.3268159186798,
"Macedonia, FYR",MKD,"Automated teller machines (ATMs) (per 100,000 adults)",FB.ATM.TOTL.P5,,,,,,,,,,,,,,,,,,,,,,,,,,,,,,,,,,,,,,,,,,,,,,9.55004680739502,17.9431365690185,31.7256790284865,45.3046844210228,49.2068645941823,51.118789714123,51.2493491449666,49.6511308744368,54.0477084352782,55.5994244097127,60.6655748019839,59.9928170294144,
Mali,MLI,"Automated teller machines (ATMs) (per 100,000 adults)",FB.ATM.TOTL.P5,,,,,,,,,,,,,,,,,,,,,,,,,,,,,,,,,,,,,,,,,,,,,,,,,,,2.71503177976268,3.23576059259449,3.37815659983986,3.99753062160902,4.29288192603829,4.45269946829271,4.68751381618063,
Malta,MLT,"Automated teller machines (ATMs) (per 100,000 adults)",FB.ATM.TOTL.P5,,,,,,,,,,,,,,,,,,,,,,,,,,,,,,,,,,,,,,,,,,,,,45.3865629536683,45.1516576117651,41.3555422699782,46.8226403874586,47.4137013008872,48.8193948989543,52.320466184626,55.3747052513521,60.4263138119861,59.1951181641188,56.3691552686989,57.0846860354164,57.4879922886444,
Myanmar,MMR,"Automated teller machines (ATMs) (per 100,000 adults)",FB.ATM.TOTL.P5,,,,,,,,,,,,,,,,,,,,,,,,,,,,,,,,,,,,,,,,,,,,,,,,,,,,,0.09137715338569,0.611398148287906,1.69635243095503,1.96587120585534,2.67123939806302,
Middle East & North Africa (excluding high income),MNA,"Automated teller machines (ATMs) (per 100,000 adults)",FB.ATM.TOTL.P5,,,,,,,,,,,,,,,,,,,,,,,,,,,,,,,,,,,,,,,,,,,,,3.03856699538569,3.4078988180024,6.16453271858606,10.5254780585384,9.07892739454644,10.9797365571042,11.8503988045761,12.791368435543,14.2195890454701,21.4771665509109,22.9752598463082,23.3915737169998,27.1225003289447,
Montenegro,MNE,"Automated teller machines (ATMs) (per 100,000 adults)",FB.ATM.TOTL.P5,,,,,,,,,,,,,,,,,,,,,,,,,,,,,,,,,,,,,,,,,,,,,,14.2765891050586,26.0248171643934,40.119793389977,53.0720629054937,60.0498808500868,64.1720543323778,66.1974480663238,69.5956333568435,71.5611952482479,70.9447066378085,76.0862486896108,77.7947825883165,
Mongolia,MNG,"Automated teller machines (ATMs) (per 100,000 adults)",FB.ATM.TOTL.P5,,,,,,,,,,,,,,,,,,,,,,,,,,,,,,,,,,,,,,,,,,,,,,,,,9.87663095053951,14.9902409424549,18.5213689663613,31.5223871098297,44.8426097908815,49.8950608241098,58.6700936239118,72.8728211262318,88.6354992416689,
Northern Mariana Islands,MNP,"Automated teller machines (ATMs) (per 100,000 adults)",FB.ATM.TOTL.P5,,,,,,,,,,,,,,,,,,,,,,,,,,,,,,,,,,,,,,,,,,,,,,,,,,,,,,,,,,
Mozambique,MOZ,"Automated teller machines (ATMs) (per 100,000 adults)",FB.ATM.TOTL.P5,,,,,,,,,,,,,,,,,,,,,,,,,,,,,,,,,,,,,,,,,,,,,1.88828661480353,2.18587831311996,3.2220881062472,3.58233528031732,4.15096158963416,4.60262200476728,5.57671571310788,6.30061543643395,6.80753925657085,7.48870927719089,8.87634371625526,10.2670080055953,10.5862345009925,
Mauritania,MRT,"Automated teller machines (ATMs) (per 100,000 adults)",FB.ATM.TOTL.P5,,,,,,,,,,,,,,,,,,,,,,,,,,,,,,,,,,,,,,,,,,,,,,,,,,,,4.10450432865587,4.54561302004792,6.27715027625866,7.64528521459696,9.08216155444996,9.70454324014513,
Mauritius,MUS,"Automated teller machines (ATMs) (per 100,000 adults)",FB.ATM.TOTL.P5,,,,,,,,,,,,,,,,,,,,,,,,,,,,,,,,,,,,,,,,,,,,,30.9266798265549,33.8544419246134,34.9329105808807,38.9649659761186,38.0639659345379,39.5095380442368,40.8810868841259,43.4267890914994,44.324000765068,44.8747383487798,45.0395450092886,45.5949713038377,44.5066742746704,
Malawi,MWI,"Automated teller machines (ATMs) (per 100,000 adults)",FB.ATM.TOTL.P5,,,,,,,,,,,,,,,,,,,,,,,,,,,,,,,,,,,,,,,,,,,,,0.741421970231019,1.45375804370803,1.3953456571192,1.47405082283816,1.71626857533201,2.57409624812158,2.91754335984293,3.74702639068631,4.22348097470616,4.53617199839788,4.78052900120163,4.92466344449056,,
Malaysia,MYS,"Automated teller machines (ATMs) (per 100,000 adults)",FB.ATM.TOTL.P5,,,,,,,,,,,,,,,,,,,,,,,,,,,,,,,,,,,,,,,,,,,,,27.1392055049469,27.4150950247991,28.2797997707129,38.8307587994938,41.5918553761332,52.0679797679576,53.7013852538859,53.5897449435328,53.0250154874236,54.1474055873135,51.6731644609523,50.4305662498923,48.1060123965395,
North America,NAC,"Automated teller machines (ATMs) (per 100,000 adults)",FB.ATM.TOTL.P5,,,,,,,,,,,,,,,,,,,,,,,,,,,,,,,,,,,,,,,,,,,,,175.271256879228,183.64660245734,186.824771093968,192.900788144181,192.873657371407,195.05200852169,218.155707363751,207.552398993994,203.111023240193,220.487325868505,221.137746615045,220.555629832477,222.989158097898,
Namibia,NAM,"Automated teller machines (ATMs) (per 100,000 adults)",FB.ATM.TOTL.P5,,,,,,,,,,,,,,,,,,,,,,,,,,,,,,,,,,,,,,,,,,,,,,,9.33581322578906,9.73708292828124,29.4745519518142,41.5026080269401,49.1773261136833,50.4865798948306,48.5258843736011,52.0684071141741,54.6516044245616,55.7766472604959,64.4138436085555,
New Caledonia,NCL,"Automated teller machines (ATMs) (per 100,000 adults)",FB.ATM.TOTL.P5,,,,,,,,,,,,,,,,,,,,,,,,,,,,,,,,,,,,,,,,,,,,,,,,,,,,,,,,,,
Niger,NER,"Automated teller machines (ATMs) (per 100,000 adults)",FB.ATM.TOTL.P5,,,,,,,,,,,,,,,,,,,,,,,,,,,,,,,,,,,,,,,,,,,,,,,,,,,0.584026154637958,0.915985999036571,0.928208190305319,1.25361832401913,1.26949514381387,1.46342605600824,1.53567444634805,
Nigeria,NGA,"Automated teller machines (ATMs) (per 100,000 adults)",FB.ATM.TOTL.P5,,,,,,,,,,,,,,,,,,,,,,,,,,,,,,,,,,,,,,,,,,,,,,0.679722040192859,1.77902456432455,4.47412301012132,8.63648691919921,11.4571376649278,11.2195819674795,11.9369619859343,11.4866089932599,13.3044781402678,16.1794263146028,16.2029008505921,16.7301836033315,
Nicaragua,NIC,"Automated teller machines (ATMs) (per 100,000 adults)",FB.ATM.TOTL.P5,,,,,,,,,,,,,,,,,,,,,,,,,,,,,,,,,,,,,,,,,,,,,3.32882554873609,4.61538595511929,5.80737037453573,6.86379979403065,7.84876459092104,8.28959446668245,8.4275686775537,9.60155819573005,11.4981176187747,14.4425222986933,16.035314069576,18.3064146005759,17.9689172331835,
Netherlands,NLD,"Automated teller machines (ATMs) (per 100,000 adults)",FB.ATM.TOTL.P5,,,,,,,,,,,,,,,,,,,,,,,,,,,,,,,,,,,,,,,,,,,,,59.3755314178945,55.8589241042517,60.7208437270343,63.6951038290764,64.0907407102375,62.5192251707758,57.786032911865,56.5149863511541,54.5492208111587,52.9734195412583,53.6375549660932,49.6683502985822,47.5525453789499,
Norway,NOR,"Automated teller machines (ATMs) (per 100,000 adults)",FB.ATM.TOTL.P5,,,,,,,,,,,,,,,,,,,,,,,,,,,,,,,,,,,,,,,,,,,,,59.1380609064503,58.7639643913607,59.929796477536,59.7839767872209,59.2247177823592,57.5996613791797,55.2461511072911,54.4664708454926,52.7179025032703,50.4754384531587,48.304937130784,45.8110710383823,39.0459484916568,
Nepal,NPL,"Automated teller machines (ATMs) (per 100,000 adults)",FB.ATM.TOTL.P5,,,,,,,,,,,,,,,,,,,,,,,,,,,,,,,,,,,,,,,,,,,,,,,,,,,,7.31694002357018,7.42037651035115,8.1562162991563,8.75897145073699,8.90452599309265,9.63578110959656,
Nauru,NRU,"Automated teller machines (ATMs) (per 100,000 adults)",FB.ATM.TOTL.P5,,,,,,,,,,,,,,,,,,,,,,,,,,,,,,,,,,,,,,,,,,,,,,,,,,,,,,,,,,
New Zealand,NZL,"Automated teller machines (ATMs) (per 100,000 adults)",FB.ATM.TOTL.P5,,,,,,,,,,,,,,,,,,,,,,,,,,,,,,,,,,,,,,,,,,,,,59.0374876512386,62.2522075927868,69.4566198790984,69.6451131855577,71.7892482428724,72.5680570575807,72.2191634426375,76.3740454242714,74.8064783276574,72.367552650309,70.703688149983,69.2786661619398,,
OECD members,OED,"Automated teller machines (ATMs) (per 100,000 adults)",FB.ATM.TOTL.P5,,,,,,,,,,,,,,,,,,,,,,,,,,,,,,,,,,,,,,,,,,,,,68.7725073887271,73.1663614821338,78.4187461208471,86.7114153751436,87.607097901157,88.6927864018032,89.484404051007,88.0537003537189,84.1628123686891,82.3033554939571,84.556194368954,86.4531554184073,75.2523485665847,
Oman,OMN,"Automated teller machines (ATMs) (per 100,000 adults)",FB.ATM.TOTL.P5,,,,,,,,,,,,,,,,,,,,,,,,,,,,,,,,,,,,,,,,,,,,,,,,,,,40.440026423177,39.7519250616851,38.7018843735851,38.4790693102487,35.7144602831414,34.815958803359,34.2339281707835,
Other small states,OSS,"Automated teller machines (ATMs) (per 100,000 adults)",FB.ATM.TOTL.P5,,,,,,,,,,,,,,,,,,,,,,,,,,,,,,,,,,,,,,,,,,,,,22.8466956229876,15.863286706898,18.8305880175774,31.6510169971514,29.0800401289204,33.4702255839035,28.9635207789187,26.5834154256244,25.5040087135716,26.57639747014,31.6035963399552,31.2481381824283,37.8325508984191,
Pakistan,PAK,"Automated teller machines (ATMs) (per 100,000 adults)",FB.ATM.TOTL.P5,,,,,,,,,,,,,,,,,,,,,,,,,,,,,,,,,,,,,,,,,,,,,0.750166847173985,1.17665038585255,1.89105540996459,2.7584161915236,3.4622730805219,3.99732068215607,4.39704363218735,4.86313708194306,5.45893645122927,6.50762149971863,7.52752464338976,8.77046912754237,9.83432020351025,
Panama,PAN,"Automated teller machines (ATMs) (per 100,000 adults)",FB.ATM.TOTL.P5,,,,,,,,,,,,,,,,,,,,,,,,,,,,,,,,,,,,,,,,,,,,,,,,32.7493919887471,34.6876053666334,38.3899948549491,39.7450275135534,44.9595591610888,50.6791150029501,55.9247282993316,61.3382356400454,67.6821314632856,69.3325678433221,
Peru,PER,"Automated teller machines (ATMs) (per 100,000 adults)",FB.ATM.TOTL.P5,,,,,,,,,,,,,,,,,,,,,,,,,,,,,,,,,,,,,,,,,,,,,10.7032257401216,11.415416166944,13.6130445529928,16.3534809238814,19.9796059873554,23.4664578926109,26.54099974794,30.9104714878829,37.9636718080108,40.6825747817781,54.9579279215942,119.236457041791,108.567808070074,
Philippines,PHL,"Automated teller machines (ATMs) (per 100,000 adults)",FB.ATM.TOTL.P5,,,,,,,,,,,,,,,,,,,,,,,,,,,,,,,,,,,,,,,,,,,,,10.3185542794161,11.4426642943339,12.3260418462569,12.5162492577716,13.1888798030647,14.0264884047806,15.1246257865734,16.8330898465341,18.885406627599,21.9656884457198,23.2349605518631,25.1211267123442,27.1488614008801,
Palau,PLW,"Automated teller machines (ATMs) (per 100,000 adults)",FB.ATM.TOTL.P5,,,,,,,,,,,,,,,,,,,,,,,,,,,,,,,,,,,,,,,,,,,,,,,,30.9498644631155,30.7784987907867,30.6060108907695,36.4975558499286,36.2689920990358,41.9897130241856,41.6645536785873,47.2238531176662,46.7934966959814,46.3256270131634,
Papua New Guinea,PNG,"Automated teller machines (ATMs) (per 100,000 adults)",FB.ATM.TOTL.P5,,,,,,,,,,,,,,,,,,,,,,,,,,,,,,,,,,,,,,,,,,,,,3.82166047673477,3.72092539154283,3.62273313174386,4.02228096891073,4.63963052194161,4.98648615430717,5.49150070637561,6.85757808983827,6.80483138707955,7.37876127626082,7.59073071524734,7.51012921207191,,
Poland,POL,"Automated teller machines (ATMs) (per 100,000 adults)",FB.ATM.TOTL.P5,,,,,,,,,,,,,,,,,,,,,,,,,,,,,,,,,,,,,,,,,,,,,25.4443684871699,27.5749729854273,31.0890814834323,35.9850024695358,43.1320462659,48.6857173255704,50.8871458514956,53.8688670578895,56.2672693540724,58.3502158012985,63.4606411495384,68.4850919669663,72.4279947073181,
Pre-demographic dividend,PRE,"Automated teller machines (ATMs) (per 100,000 adults)",FB.ATM.TOTL.P5,,,,,,,,,,,,,,,,,,,,,,,,,,,,,,,,,,,,,,,,,,,,,,,,,1.23058517049053,1.54533516940857,2.3156793174866,2.62619583681662,3.37815659983986,3.94669609569759,4.3561533277221,4.67365764354084,4.82824399361726,
Puerto Rico,PRI,"Automated teller machines (ATMs) (per 100,000 adults)",FB.ATM.TOTL.P5,,,,,,,,,,,,,,,,,,,,,,,,,,,,,,,,,,,,,,,,,,,,,,,,,,,,,,,,,,
"Korea, Dem. Peoples Rep.",PRK,"Automated teller machines (ATMs) (per 100,000 adults)",FB.ATM.TOTL.P5,,,,,,,,,,,,,,,,,,,,,,,,,,,,,,,,,,,,,,,,,,,,,,,,,,,,,,,,,,
Portugal,PRT,"Automated teller machines (ATMs) (per 100,000 adults)",FB.ATM.TOTL.P5,,,,,,,,,,,,,,,,,,,,,,,,,,,,,,,,,,,,,,,,,,,,,142.585978960491,154.386105831459,163.138410531285,176.919892103967,187.14871129435,191.969927360318,194.601059918523,191.172697824911,184.912707502668,180.415303512959,176.867971046504,174.741906658172,170.23783371275,
Paraguay,PRY,"Automated teller machines (ATMs) (per 100,000 adults)",FB.ATM.TOTL.P5,,,,,,,,,,,,,,,,,,,,,,,,,,,,,,,,,,,,,,,,,,,,,,,,,,12.8561313358914,18.8079358003315,18.9418669882408,20.3955965700526,23.523343439243,24.0913854832697,25.3745987116085,25.0290171572537,
West Bank and Gaza,PSE,"Automated teller machines (ATMs) (per 100,000 adults)",FB.ATM.TOTL.P5,,,,,,,,,,,,,,,,,,,,,,,,,,,,,,,,,,,,,,,,,,,,,,,7.99357341953645,10.5254780585384,11.8359814521766,14.4523582340244,15.260477986976,16.5695574531904,18.3439911980502,19.8099944773828,21.4812009776268,22.3610350287953,22.711191340784,
Pacific island small states,PSS,"Automated teller machines (ATMs) (per 100,000 adults)",FB.ATM.TOTL.P5,,,,,,,,,,,,,,,,,,,,,,,,,,,,,,,,,,,,,,,,,,,,,,,,,,,,,,,,,,
Post-demographic dividend,PST,"Automated teller machines (ATMs) (per 100,000 adults)",FB.ATM.TOTL.P5,,,,,,,,,,,,,,,,,,,,,,,,,,,,,,,,,,,,,,,,,,,,,74.2193500958391,71.7566209296407,70.7681606578554,79.8025571992458,87.607097901157,87.6178290808426,90.3071226648696,93.2357081942076,93.3666706929929,93.5510260718312,93.4476620685211,92.4245013049742,88.5532382688712,
French Polynesia,PYF,"Automated teller machines (ATMs) (per 100,000 adults)",FB.ATM.TOTL.P5,,,,,,,,,,,,,,,,,,,,,,,,,,,,,,,,,,,,,,,,,,,,,,,,,,,,,,,,,,
Qatar,QAT,"Automated teller machines (ATMs) (per 100,000 adults)",FB.ATM.TOTL.P5,,,,,,,,,,,,,,,,,,,,,,,,,,,,,,,,,,,,,,,,,,,,,50.6403720627737,53.907559612161,52.5230517838385,51.0080618844266,45.6590559800282,47.9407341781006,51.2664692724428,50.692202617561,58.0501496391699,59.4799663460501,58.6468483905783,60.0907299877995,60.7301718700013,
Romania,ROU,"Automated teller machines (ATMs) (per 100,000 adults)",FB.ATM.TOTL.P5,,,,,,,,,,,,,,,,,,,,,,,,,,,,,,,,,,,,,,,,,,,,,18.3235496924665,24.2885403184087,33.759982481613,42.2755699974998,53.3792246391805,56.5360762703218,59.2413103625411,64.8424347844993,64.9602117001724,63.8427081011901,65.0680838279707,68.5656226654897,66.6771336768831,
Russian Federation,RUS,"Automated teller machines (ATMs) (per 100,000 adults)",FB.ATM.TOTL.P5,,,,,,,,,,,,,,,,,,,,,,,,,,,,,,,,,,,,,,,,,,,,,16.2341485407075,22.81787417226,32.4338204251002,45.0168394171674,61.6049945761006,72.3899220368587,95.5443962202785,116.891858891649,142.003635170602,156.506162670829,185.324240333974,172.604555971965,168.697736757443,
Rwanda,RWA,"Automated teller machines (ATMs) (per 100,000 adults)",FB.ATM.TOTL.P5,,,,,,,,,,,,,,,,,,,,,,,,,,,,,,,,,,,,,,,,,,,,,0.039184714983118,0.229054362426228,0.222885968381025,0.28962866889379,0.388485913235909,0.809080151611292,1.40763784293577,2.72567130264728,4.63325486947946,5.14593977648133,5.5193011757009,5.51954536376346,5.63823478709109,
South Asia,SAS,"Automated teller machines (ATMs) (per 100,000 adults)",FB.ATM.TOTL.P5,,,,,,,,,,,,,,,,,,,,,,,,,,,,,,,,,,,,,,,,,,,,,0.125180037467583,0.686163466897477,1.11749637954374,2.7584161915236,3.4622730805219,3.99732068215607,4.39704363218735,6.09003855275662,6.43965648079021,7.33191889943746,8.14324804706338,8.83749756031751,9.63578110959656,
Saudi Arabia,SAU,"Automated teller machines (ATMs) (per 100,000 adults)",FB.ATM.TOTL.P5,,,,,,,,,,,,,,,,,,,,,,,,,,,,,,,,,,,,,,,,,,,,,27.0421091896322,29.0122547688261,36.9117355334566,44.0023686493128,49.8749033333743,53.6848295843877,56.5265438471493,58.5422589430689,60.6726029596699,63.6962926995827,68.6483760363013,73.7514790548026,74.4239467110062,
Sudan,SDN,"Automated teller machines (ATMs) (per 100,000 adults)",FB.ATM.TOTL.P5,,,,,,,,,,,,,,,,,,,,,,,,,,,,,,,,,,,,,,,,,,,,,0,0,0.486700979645158,1.09429986858553,1.56228799430899,2.03892080235611,3.47499367000052,3.70143168893546,4.1016589157069,4.24718823233199,4.41942472940591,4.74932412784013,,
Senegal,SEN,"Automated teller machines (ATMs) (per 100,000 adults)",FB.ATM.TOTL.P5,,,,,,,,,,,,,,,,,,,,,,,,,,,,,,,,,,,,,,,,,,,,,,,,,,,3.90130569608365,4.55568617837922,4.84412019534269,4.79833172599606,4.94428372500161,5.33545844838771,5.50917841645041,
Singapore,SGP,"Automated teller machines (ATMs) (per 100,000 adults)",FB.ATM.TOTL.P5,,,,,,,,,,,,,,,,,,,,,,,,,,,,,,,,,,,,,,,,,,,,,47.9305118808444,48.6502667425674,49.3026403796577,51.9572361212049,52.382559674716,54.8151657526264,61.5051002694846,61.9953885117007,61.3908494819706,60.2713250969547,59.5026354333704,60.0823238054001,57.6911693821748,
Solomon Islands,SLB,"Automated teller machines (ATMs) (per 100,000 adults)",FB.ATM.TOTL.P5,,,,,,,,,,,,,,,,,,,,,,,,,,,,,,,,,,,,,,,,,,,,,1.49111852528378,1.45089447644473,4.24005794745862,5.51072352355662,6.71857888619399,7.21148330377718,11.1954501690513,11.2380595617157,11.5650564861706,11.2687416967166,11.2687776843529,11.5451330224595,11.5241829491482,
Sierra Leone,SLE,"Automated teller machines (ATMs) (per 100,000 adults)",FB.ATM.TOTL.P5,,,,,,,,,,,,,,,,,,,,,,,,,,,,,,,,,,,,,,,,,,,,,,,,,0.291340741351477,0.397417242117371,0.386752297308646,0.377019173310059,0.367074180185703,,,,,
El Salvador,SLV,"Automated teller machines (ATMs) (per 100,000 adults)",FB.ATM.TOTL.P5,,,,,,,,,,,,,,,,,,,,,,,,,,,,,,,,,,,,,,,,,,,,,20.5224216457542,22.8060607678549,24.0021206048935,25.4297353429332,27.945344173981,29.2501122737657,29.3370444575991,29.3445411554267,30.6334090723259,33.3957537480608,33.4239478783288,35.7967065262257,36.6447627453497,
San Marino,SMR,"Automated teller machines (ATMs) (per 100,000 adults)",FB.ATM.TOTL.P5,,,,,,,,,,,,,,,,,,,,,,,,,,,,,,,,,,,,,,,,,,,,,,,,,,,223.69619054487,,,,205.875732411045,207.561776110413,220.252553371865,
Somalia,SOM,"Automated teller machines (ATMs) (per 100,000 adults)",FB.ATM.TOTL.P5,,,,,,,,,,,,,,,,,,,,,,,,,,,,,,,,,,,,,,,,,,,,,,,,,,,,,,,,,,
Serbia,SRB,"Automated teller machines (ATMs) (per 100,000 adults)",FB.ATM.TOTL.P5,,,,,,,,,,,,,,,,,,,,,,,,,,,,,,,,,,,,,,,,,,,,,,13.8253676547259,22.2680077790284,34.2698877091692,41.2423810247684,45.0789994369537,47.3775496213146,47.1946915564101,46.598302599172,44.8905228677506,44.3566240448222,45.7485344934833,50.6642830420226,
Sub-Saharan Africa (excluding high income),SSA,"Automated teller machines (ATMs) (per 100,000 adults)",FB.ATM.TOTL.P5,,,,,,,,,,,,,,,,,,,,,,,,,,,,,,,,,,,,,,,,,,,,,,1.31438038543892,1.80008765820124,2.7589705479894,2.5376051148094,3.24368223432653,3.19626851492172,3.70736973074676,4.2300134397912,4.70445551346176,5.31524120130726,6.07406891156758,5.82415455407801,
South Sudan,SSD,"Automated teller machines (ATMs) (per 100,000 adults)",FB.ATM.TOTL.P5,,,,,,,,,,,,,,,,,,,,,,,,,,,,,,,,,,,,,,,,,,,,,,,,,,,,0.589531768603727,0.615772227797482,0.686806540021622,1.00857044021541,0.94454517171032,0.759655217818473,
Sub-Saharan Africa,SSF,"Automated teller machines (ATMs) (per 100,000 adults)",FB.ATM.TOTL.P5,,,,,,,,,,,,,,,,,,,,,,,,,,,,,,,,,,,,,,,,,,,,,,1.31438038543892,1.80008765820124,2.7589705479894,2.5376051148094,3.24368223432653,3.19626851492172,3.70736973074676,4.2300134397912,4.70445551346176,5.31524120130726,6.07406891156758,5.82415455407801,
Small states,SST,"Automated teller machines (ATMs) (per 100,000 adults)",FB.ATM.TOTL.P5,,,,,,,,,,,,,,,,,,,,,,,,,,,,,,,,,,,,,,,,,,,,,17.5641156151317,17.5454447078226,20.0998175278392,26.5444151802303,29.0800401289204,30.6718142406269,28.9635207789187,26.5834154256244,26.3211615378942,27.168810043022,31.6035963399552,31.2481381824283,36.9100926471295,
Sao Tome and Principe,STP,"Automated teller machines (ATMs) (per 100,000 adults)",FB.ATM.TOTL.P5,,,,,,,,,,,,,,,,,,,,,,,,,,,,,,,,,,,,,,,,,,,,,,,,,,,,18.9823464178314,21.4546234713581,20.9406143214765,24.1362024470396,26.2236971795962,23.7705351011568,
Suriname,SUR,"Automated teller machines (ATMs) (per 100,000 adults)",FB.ATM.TOTL.P5,,,,,,,,,,,,,,,,,,,,,,,,,,,,,,,,,,,,,,,,,,,,,17.3647389844277,19.7070032313689,24.7990422438858,28.5926528095085,28.3912367553502,34.4238744477272,35.4584403085151,36.7411637501181,41.6063675832127,42.515058477299,46.921144875935,47.0105031360954,49.5926319518243,
Slovak Republic,SVK,"Automated teller machines (ATMs) (per 100,000 adults)",FB.ATM.TOTL.P5,,,,,,,,,,,,,,,,,,,,,,,,,,,,,,,,,,,,,,,,,,,,,38.2776126465032,41.4860687924239,44.4309804804653,48.0194914571899,49.6543931436856,50.0799366089174,51.2416402124506,52.5772007178843,54.7019106055179,56.2208507877872,58.9254284087364,59.5231546547085,60.1324683128229,
Slovenia,SVN,"Automated teller machines (ATMs) (per 100,000 adults)",FB.ATM.TOTL.P5,,,,,,,,,,,,,,,,,,,,,,,,,,,,,,,,,,,,,,,,,,,,,81.1073641901145,86.6280015801522,88.0306191663672,94.4599794077354,99.4369180766716,101.784308687962,103.024268836654,104.805876115719,101.561781627818,100.738034262646,96.0529329375151,95.3980601042494,95.2910957700459,
Sweden,SWE,"Automated teller machines (ATMs) (per 100,000 adults)",FB.ATM.TOTL.P5,,,,,,,,,,,,,,,,,,,,,,,,,,,,,,,,,,,,,,,,,,,,,36.4695402235443,37.7312280264468,37.5187864239415,40.6882972405879,42.1976012564179,42.7962399041969,42.796979223529,45.2025922772868,43.0394490405913,40.5403816687284,40.1819169119021,40.5344695770232,34.8409958095393,
Swaziland,SWZ,"Automated teller machines (ATMs) (per 100,000 adults)",FB.ATM.TOTL.P5,,,,,,,,,,,,,,,,,,,,,,,,,,,,,,,,,,,,,,,,,,,,,6.99087373210972,11.7220651465493,14.2024412927581,15.0367208633758,18.4063839716629,18.4777181287573,21.1528873004383,21.6993541093486,25.079680234077,26.124400572443,31.6035963399552,31.2481381824283,31.1584275221677,
Sint Maarten (Dutch part),SXM,"Automated teller machines (ATMs) (per 100,000 adults)",FB.ATM.TOTL.P5,,,,,,,,,,,,,,,,,,,,,,,,,,,,,,,,,,,,,,,,,,,,,,,,,,,,,,,,,,
Seychelles,SYC,"Automated teller machines (ATMs) (per 100,000 adults)",FB.ATM.TOTL.P5,,,,,,,,,,,,,,,,,,,,,,,,,,,,,,,,,,,,,,,,,,,,,34.2004002150728,33.769414929292,36.129334712661,37.3285476195556,42.302607898714,44.8128895720789,44.7211141210222,45.6933521779493,50.8958181865858,64.0890424634354,65.8064692372925,65.658771989895,71.801062649499,
Syrian Arab Republic,SYR,"Automated teller machines (ATMs) (per 100,000 adults)",FB.ATM.TOTL.P5,,,,,,,,,,,,,,,,,,,,,,,,,,,,,,,,,,,,,,,,,,,,,0,0,0,0,2.33070187118352,7.15204227787209,7.52896745930918,7.95429377787513,8.390368325462,,,,,
Turks and Caicos Islands,TCA,"Automated teller machines (ATMs) (per 100,000 adults)",FB.ATM.TOTL.P5,,,,,,,,,,,,,,,,,,,,,,,,,,,,,,,,,,,,,,,,,,,,,,,,,,,,,,,,,,
Chad,TCD,"Automated teller machines (ATMs) (per 100,000 adults)",FB.ATM.TOTL.P5,,,,,,,,,,,,,,,,,,,,,,,,,,,,,,,,,,,,,,,,,,,,,0,0.07801853213203,0.075407615867572,0.091078397369947,0.281451551193838,0.339451205841005,0.425380420982642,0.473745498233403,0.395868051088294,0.74822308021729,0.918697270310135,1.1438257376042,1.4070858476226,
East Asia & Pacific (IDA & IBRD countries),TEA,"Automated teller machines (ATMs) (per 100,000 adults)",FB.ATM.TOTL.P5,,,,,,,,,,,,,,,,,,,,,,,,,,,,,,,,,,,,,,,,,,,,,9.44094413923326,9.3267686065471,10.0346209134666,11.6926805538236,11.9891002256974,14.1068056040122,15.1246257865734,16.8330898465341,19.9033208133299,22.0452529447949,23.098294130489,24.5669512080593,37.6274368987098,
Europe & Central Asia (IDA & IBRD countries),TEC,"Automated teller machines (ATMs) (per 100,000 adults)",FB.ATM.TOTL.P5,,,,,,,,,,,,,,,,,,,,,,,,,,,,,,,,,,,,,,,,,,,,,10.4156617587792,13.8253676547259,17.9431365690185,25.6703974345594,40.5030872080196,43.1247390237196,46.6039384680717,47.1946915564101,49.6511308744368,53.9218361094128,57.5175406736361,60.6138624989136,60.5661281826927,
Togo,TGO,"Automated teller machines (ATMs) (per 100,000 adults)",FB.ATM.TOTL.P5,,,,,,,,,,,,,,,,,,,,,,,,,,,,,,,,,,,,,,,,,,,,,,,,,,,2.78247692350088,3.12449633769973,4.2300134397912,4.70445551346176,,,,
Thailand,THA,"Automated teller machines (ATMs) (per 100,000 adults)",FB.ATM.TOTL.P5,,,,,,,,,,,,,,,,,,,,,,,,,,,,,,,,,,,,,,,,,,,,,19.8651537860713,29.290539175266,40.4837750674098,47.2492422197352,65.339944983372,73.3548292090352,81.8864321179247,87.3126670501279,94.7876535705802,102.317418839439,110.580959267424,112.775466972185,113.061854506789,
Tajikistan,TJK,"Automated teller machines (ATMs) (per 100,000 adults)",FB.ATM.TOTL.P5,,,,,,,,,,,,,,,,,,,,,,,,,,,,,,,,,,,,,,,,,,,,,,0.636633594730372,1.27731486518512,1.94813058053627,2.66978313609952,3.56048680651142,4.4800768944107,6.61740640195319,8.31000140630793,10.3477485527314,,,,
Turkmenistan,TKM,"Automated teller machines (ATMs) (per 100,000 adults)",FB.ATM.TOTL.P5,,,,,,,,,,,,,,,,,,,,,,,,,,,,,,,,,,,,,,,,,,,,,,,,,,,,,,,,,,
Latin America & the Caribbean (IDA & IBRD countries),TLA,"Automated teller machines (ATMs) (per 100,000 adults)",FB.ATM.TOTL.P5,,,,,,,,,,,,,,,,,,,,,,,,,,,,,,,,,,,,,,,,,,,,,20.5224216457542,22.7943583246563,24.0021206048935,25.8714521125985,27.3293519220587,28.5536924405877,33.9467187599675,33.8344842163761,37.738605264376,40.4648931292054,40.4481355180297,41.022176105789,47.3416036617108,
Timor-Leste,TLS,"Automated teller machines (ATMs) (per 100,000 adults)",FB.ATM.TOTL.P5,,,,,,,,,,,,,,,,,,,,,,,,,,,,,,,,,,,,,,,,,,,,,,,,,2.08944568747116,2.04240370492032,2.48509769747415,2.92245271715041,3.62983280674454,3.20773767426799,5.47570562606554,6.90654438246141,6.44558316413678,
Middle East & North Africa (IDA & IBRD countries),TMN,"Automated teller machines (ATMs) (per 100,000 adults)",FB.ATM.TOTL.P5,,,,,,,,,,,,,,,,,,,,,,,,,,,,,,,,,,,,,,,,,,,,,3.03856699538569,3.4078988180024,4.33549201763566,9.51482916941613,6.32187333691628,7.50711488018409,8.44031962217621,9.01317941789569,10.09518689289,23.144338624439,24.4693187149897,24.4221124052043,27.2817224806391,
Tonga,TON,"Automated teller machines (ATMs) (per 100,000 adults)",FB.ATM.TOTL.P5,,,,,,,,,,,,,,,,,,,,,,,,,,,,,,,,,,,,,,,,,,,,,22.5410165998487,22.4043016259122,19.0718372536554,18.905974287875,29.6439604331139,29.3676677434811,27.5925500114969,27.4473924977127,27.3091394586722,27.1583330818673,26.9743743443728,28.2292811933557,,
South Asia (IDA & IBRD),TSA,"Automated teller machines (ATMs) (per 100,000 adults)",FB.ATM.TOTL.P5,,,,,,,,,,,,,,,,,,,,,,,,,,,,,,,,,,,,,,,,,,,,,0.125180037467583,0.686163466897477,1.11749637954374,2.7584161915236,3.4622730805219,3.99732068215607,4.39704363218735,6.09003855275662,6.43965648079021,7.33191889943746,8.14324804706338,8.83749756031751,9.63578110959656,
Sub-Saharan Africa (IDA & IBRD countries),TSS,"Automated teller machines (ATMs) (per 100,000 adults)",FB.ATM.TOTL.P5,,,,,,,,,,,,,,,,,,,,,,,,,,,,,,,,,,,,,,,,,,,,,,1.31438038543892,1.80008765820124,2.7589705479894,2.5376051148094,3.24368223432653,3.19626851492172,3.70736973074676,4.2300134397912,4.70445551346176,5.31524120130726,6.07406891156758,5.82415455407801,
Trinidad and Tobago,TTO,"Automated teller machines (ATMs) (per 100,000 adults)",FB.ATM.TOTL.P5,,,,,,,,,,,,,,,,,,,,,,,,,,,,,,,,,,,,,,,,,,,,,,,,,31.6346153846154,33.9127153576836,34.6670491122861,35.9959639171167,37.5135387207413,40.2472114766327,40.4481355180297,41.022176105789,42.0554873630193,
Tunisia,TUN,"Automated teller machines (ATMs) (per 100,000 adults)",FB.ATM.TOTL.P5,,,,,,,,,,,,,,,,,,,,,,,,,,,,,,,,,,,,,,,,,,,,,8.37220638476091,9.65792865460936,10.8617010416006,13.9638508244897,15.3910624012254,17.7426853075521,20.4614855749592,21.5277380909715,22.2386367392338,23.144338624439,24.4693187149897,26.3638466572665,27.4409446323334,
Turkey,TUR,"Automated teller machines (ATMs) (per 100,000 adults)",FB.ATM.TOTL.P5,,,,,,,,,,,,,,,,,,,,,,,,,,,,,,,,,,,,,,,,,,,,,28.4830983089011,30.6003876076598,33.4518439809886,37.4389085455608,43.0144599358504,46.1346841159989,52.2114649825134,58.7916483550111,63.2248433468754,71.6462590987864,76.4688670687651,79.3518243571575,78.0767024258514,
Tuvalu,TUV,"Automated teller machines (ATMs) (per 100,000 adults)",FB.ATM.TOTL.P5,,,,,,,,,,,,,,,,,,,,,,,,,,,,,,,,,,,,,,,,,,,,,,,,,,,,,,,,,,
Tanzania,TZA,"Automated teller machines (ATMs) (per 100,000 adults)",FB.ATM.TOTL.P5,,,,,,,,,,,,,,,,,,,,,,,,,,,,,,,,,,,,,,,,,,,,,,,,,2.38741469904609,3.25233811405217,3.94249801270364,4.60532994538785,5.06875934052052,5.51019056665485,5.63262435618841,5.99725981778692,,
Uganda,UGA,"Automated teller machines (ATMs) (per 100,000 adults)",FB.ATM.TOTL.P5,,,,,,,,,,,,,,,,,,,,,,,,,,,,,,,,,,,,,,,,,,,,,1.09979806405152,1.53608543986505,1.80008765820124,2.08717146393166,2.5376051148094,3.2350263546009,3.48172434752399,3.71330777255805,4.03523559086423,4.63873548797835,4.25508701652949,4.43612390546341,4.36525507200238,
Ukraine,UKR,"Automated teller machines (ATMs) (per 100,000 adults)",FB.ATM.TOTL.P5,,,,,,,,,,,,,,,,,,,,,,,,,,,,,,,,,,,,,,,,,,,,,20.0885836390054,28.1604881356161,36.7177504802166,52.4269549661134,70.380277466923,73.1548743468435,76.5736899529963,84.2638711377835,92.7057749545107,103.872198354438,94.8735243120053,86.9117358288798,88.5532382688712,
Upper middle income,UMC,"Automated teller machines (ATMs) (per 100,000 adults)",FB.ATM.TOTL.P5,,,,,,,,,,,,,,,,,,,,,,,,,,,,,,,,,,,,,,,,,,,,,19.0578948073689,22.7943583246563,22.2680077790284,31.6510169971514,33.5453954843814,38.3899948549491,39.7450275135534,43.4267890914994,45.7850518539839,47.2515979518914,53.7420174703081,54.7227479386313,57.6062338541649,
Uruguay,URY,"Automated teller machines (ATMs) (per 100,000 adults)",FB.ATM.TOTL.P5,,,,,,,,,,,,,,,,,,,,,,,,,,,,,,,,,,,,,,,,,,,,,27.8166868466244,,,,,30.2218786381752,33.8810255931761,39.5197589294705,42.6737643584944,44.9285197385213,51.9317723955768,54.6967445610113,81.9801448807381,
United States,USA,"Automated teller machines (ATMs) (per 100,000 adults)",FB.ATM.TOTL.P5,,,,,,,,,,,,,,,,,,,,,,,,,,,,,,,,,,,,,,,,,,,,,165.782919647052,169.366796782629,167.170344556443,173.812450854528,168.009519612449,173.903310195759,,,,,,,,
Uzbekistan,UZB,"Automated teller machines (ATMs) (per 100,000 adults)",FB.ATM.TOTL.P5,,,,,,,,,,,,,,,,,,,,,,,,,,,,,,,,,,,,,,,,,,,,,0.878118693018381,0.969524857943888,0.945603249241225,0.921773142558028,1.67029241603443,1.85859560091889,3.98684150180644,4.33601261879818,6.66227787378006,7.99236035781826,8.45953813019985,10.4138451456968,21.5977426781848,
St. Vincent and the Grenadines,VCT,"Automated teller machines (ATMs) (per 100,000 adults)",FB.ATM.TOTL.P5,,,,,,,,,,,,,,,,,,,,,,,,,,,,,,,,,,,,,,,,,,,,,20.7713977852497,20.5840730734594,21.7013888888889,25.3620431661975,25.206694898165,23.8011725209199,26.1398857313567,25.9994304886655,19.6952165242867,31.8143996867505,31.6351734459221,33.8958429169794,34.8540935531946,
"Venezuela, RB",VEN,"Automated teller machines (ATMs) (per 100,000 adults)",FB.ATM.TOTL.P5,,,,,,,,,,,,,,,,,,,,,,,,,,,,,,,,,,,,,,,,,,,,,,21.962876616462,23.9799468028732,25.54949835276,26.7133596701365,26.9277032210738,37.6670460669788,41.0158050550381,41.6146856663809,43.5235518702063,43.9789052310101,46.6166582431273,,
British Virgin Islands,VGB,"Automated teller machines (ATMs) (per 100,000 adults)",FB.ATM.TOTL.P5,,,,,,,,,,,,,,,,,,,,,,,,,,,,,,,,,,,,,,,,,,,,,,,,,,,,,,,,,,
Virgin Islands (U.S.),VIR,"Automated teller machines (ATMs) (per 100,000 adults)",FB.ATM.TOTL.P5,,,,,,,,,,,,,,,,,,,,,,,,,,,,,,,,,,,,,,,,,,,,,,,,,,,,,,,,,,
Vietnam,VNM,"Automated teller machines (ATMs) (per 100,000 adults)",FB.ATM.TOTL.P5,,,,,,,,,,,,,,,,,,,,,,,,,,,,,,,,,,,,,,,,,,,,,1.43897177163288,2.96588961218913,3.51478422362308,7.68548437198852,11.9891002256974,14.9166975492208,17.2317835868127,19.82897547234,20.9212349990609,22.1248174438699,22.9616277091149,24.0127757037743,24.5019574482686,
Vanuatu,VUT,"Automated teller machines (ATMs) (per 100,000 adults)",FB.ATM.TOTL.P5,,,,,,,,,,,,,,,,,,,,,,,,,,,,,,,,,,,,,,,,,,,,,4.89508207420944,6.3323201621074,6.1155066315025,10.383907909571,19.497681942258,23.9242866692467,28.0766149189545,28.7024490531529,34.3540148824185,35.8393641971039,34.8297923044491,39.8944880108132,,
World,WLD,"Automated teller machines (ATMs) (per 100,000 adults)",FB.ATM.TOTL.P5,,,,,,,,,,,,,,,,,,,,,,,,,,,,,,,,,,,,,,,,,,,,,18.2725868788115,17.5454447078226,19.2529641940428,25.6099478936597,27.3293519220587,27.8572726074097,29.1502826182589,30.1745765536452,33.2786613962334,36.2935057982849,36.4523298462703,40.2499191264433,47.5525453789499,
Samoa,WSM,"Automated teller machines (ATMs) (per 100,000 adults)",FB.ATM.TOTL.P5,,,,,,,,,,,,,,,,,,,,,,,,,,,,,,,,,,,,,,,,,,,,,12.0709026249571,11.9552322533774,11.8230185075713,17.0915567709551,18.6837726985596,21.1165368879504,25.2261656228253,27.5878716819118,28.1265181927434,35.3490720868577,41.5755469263198,41.1207882032683,47.0767757278638,
Kosovo,XKX,"Automated teller machines (ATMs) (per 100,000 adults)",FB.ATM.TOTL.P5,,,,,,,,,,,,,,,,,,,,,,,,,,,,,,,,,,,,,,,,,,,,,,7.97395536068154,8.99587398221876,11.9241807389845,18.3155422913187,25.6637494906705,31.165926346496,34.2498672259223,35.6794747461269,36.260156946972,36.4523298462703,39.9653686758634,38.3268809808933,
"Yemen, Rep.",YEM,"Automated teller machines (ATMs) (per 100,000 adults)",FB.ATM.TOTL.P5,,,,,,,,,,,,,,,,,,,,,,,,,,,,,,,,,,,,,,,,,,,,,0.521726994611212,1.04692431086207,1.40302397285949,1.96824232734897,2.38324672879526,2.78882249114281,3.28361769266222,3.56931126086418,4.07745542577986,4.75997984697763,6.32096859426754,6.27655854794444,,
South Africa,ZAF,"Automated teller machines (ATMs) (per 100,000 adults)",FB.ATM.TOTL.P5,,,,,,,,,,,,,,,,,,,,,,,,,,,,,,,,,,,,,,,,,,,,,29.7137678136328,25.0337714928733,26.5451427396432,30.4668485069541,43.522432597037,51.7601986659255,56.1828222316146,58.0485172605421,57.8103058200964,58.7320275444086,66.1773776516296,69.3156630641507,69.2897894314741,
Zambia,ZMB,"Automated teller machines (ATMs) (per 100,000 adults)",FB.ATM.TOTL.P5,,,,,,,,,,,,,,,,,,,,,,,,,,,,,,,,,,,,,,,,,,,,,0.86730686762488,1.31438038543892,2.02745787727599,2.7589705479894,4.2526788993894,6.03094363838294,6.63346767574959,6.83137402271032,8.14277385174225,9.09353915043612,10.175277706674,10.9387195194059,11.1525244935673,
Zimbabwe,ZWE,"Automated teller machines (ATMs) (per 100,000 adults)",FB.ATM.TOTL.P5,,,,,,,,,,,,,,,,,,,,,,,,,,,,,,,,,,,,,,,,,,,,,,,6.74078041515891,7.1255833349168,6.84731126389008,7.21577340837738,4.85603259466198,3.93309414734202,4.34590927926,4.24722048377658,5.23562880900315,6.15087800534824,6.01007432106493,
